eDeviceType,eTeleCommType,unDeviceId,ulTimeStamp,eServiceId,eActionType,eRegionId,ePayloadType,eCommId,usDbVer,usHwVer,usSwVer,ulPayloadLength,ulTxTimeStampL1,ulTxTimeStampL2,ulTxTimeStampL3,unRxTargetDeviceId,usTxFreq,ucTxPwr,ucTxBw,ucScs,ucMcs,usTxRatio,nTxLatitude,nTxLongitude,nTxAttitude,unSeqNum,unContCnt,unTxVehicleSpeed,unTxVehicleHeading,unTotalPacketCrc32
1,31,23120008,2024110712494855264,1,1,9,101,1,1.5,0x1,0x1,128,0,0,2024110712494855264,0,5915,20,20,0,0,50,36.729768,127.440160,103.901504,1,1,60,0,0xdfb193b5
1,31,23120008,2024110712494860296,1,1,9,101,1,1.5,0x1,0x1,128,0,0,2024110712494860296,0,5915,20,20,0,0,50,36.729768,127.440160,103.901136,2,2,60,35,0x59b58445
1,31,23120008,2024110712494865345,1,1,9,101,1,1.5,0x1,0x1,128,0,0,2024110712494865345,0,5915,20,20,0,0,50,36.729768,127.440160,103.901136,3,3,60,35,0xd5b0c07c
1,31,23120008,2024110712494870368,1,1,9,101,1,1.5,0x1,0x1,128,0,0,2024110712494870368,0,5915,20,20,0,0,50,36.729768,127.440160,103.901088,4,4,60,35,0x258b837a
1,31,23120008,2024110712494875389,1,1,9,101,1,1.5,0x1,0x1,128,0,0,2024110712494875389,0,5915,20,20,0,0,50,36.729768,127.440160,103.901432,5,5,60,35,0xadd671c4
1,31,23120008,2024110712494880412,1,1,9,101,1,1.5,0x1,0x1,128,0,0,2024110712494880412,0,5915,20,20,0,0,50,36.729768,127.440160,103.902640,6,6,60,35,0xa775f255
1,31,23120008,2024110712494885427,1,1,9,101,1,1.5,0x1,0x1,128,0,0,2024110712494885427,0,5915,20,20,0,0,50,36.729768,127.440160,103.904064,7,7,60,35,0x31961fb9
1,31,23120008,2024110712494890450,1,1,9,101,1,1.5,0x1,0x1,128,0,0,2024110712494890450,0,5915,20,20,0,0,50,36.729768,127.440160,103.903976,8,8,60,35,0x1e80eea9
1,31,23120008,2024110712494895499,1,1,9,101,1,1.5,0x1,0x1,128,0,0,2024110712494895499,0,5915,20,20,0,0,50,36.729768,127.440160,103.904088,9,9,60,35,0x9012e1aa
1,31,23120008,2024110712494900524,1,1,9,101,1,1.5,0x1,0x1,128,0,0,2024110712494900524,0,5915,20,20,0,0,50,36.729768,127.440160,103.904464,10,10,60,35,0xf3d20efc
1,31,23120008,2024110712494905571,1,1,9,101,1,1.5,0x1,0x1,128,0,0,2024110712494905571,0,5915,20,20,0,0,50,36.729768,127.440160,103.904128,11,11,60,35,0x497c275b
1,31,23120008,2024110712494910594,1,1,9,101,1,1.5,0x1,0x1,128,0,0,2024110712494910594,0,5915,20,20,0,0,50,36.729768,127.440160,103.903832,12,12,0,35,0x3bcb138f
1,31,23120008,2024110712494915609,1,1,9,101,1,1.5,0x1,0x1,128,0,0,2024110712494915609,0,5915,20,20,0,0,50,36.729768,127.440160,103.903160,13,13,0,35,0x96b9beac
1,31,23120008,2024110712494920620,1,1,9,101,1,1.5,0x1,0x1,128,0,0,2024110712494920620,0,5915,20,20,0,0,50,36.729768,127.440160,103.903960,14,14,0,35,0x44875e01
1,31,23120008,2024110712494925630,1,1,9,101,1,1.5,0x1,0x1,128,0,0,2024110712494925630,0,5915,20,20,0,0,50,36.729768,127.440160,103.903912,15,15,0,35,0xa3bc3020
1,31,23120008,2024110712494930640,1,1,9,101,1,1.5,0x1,0x1,128,0,0,2024110712494930640,0,5915,20,20,0,0,50,36.729768,127.440160,103.904008,16,16,0,35,0x13a40c67
1,31,23120008,2024110712494935650,1,1,9,101,1,1.5,0x1,0x1,128,0,0,2024110712494935650,0,5915,20,20,0,0,50,36.729768,127.440160,103.903208,17,17,0,35,0x4609289b
1,31,23120008,2024110712494940659,1,1,9,101,1,1.5,0x1,0x1,128,0,0,2024110712494940659,0,5915,20,20,0,0,50,36.729768,127.440160,103.903392,18,18,0,35,0x4f536cea
1,31,23120008,2024110712494945669,1,1,9,101,1,1.5,0x1,0x1,128,0,0,2024110712494945669,0,5915,20,20,0,0,50,36.729768,127.440160,103.902944,19,19,0,35,0x4e6fa00f
1,31,23120008,2024110712494950678,1,1,9,101,1,1.5,0x1,0x1,128,0,0,2024110712494950678,0,5915,20,20,0,0,50,36.729768,127.440160,103.903416,20,20,0,35,0xa41cfe85
1,31,23120008,2024110712494955689,1,1,9,101,1,1.5,0x1,0x1,128,0,0,2024110712494955689,0,5915,20,20,0,0,50,36.729768,127.440160,103.903448,21,21,0,35,0xf9894194
1,31,23120008,2024110712494960704,1,1,9,101,1,1.5,0x1,0x1,128,0,0,2024110712494960704,0,5915,20,20,0,0,50,36.729768,127.440160,103.902096,22,22,0,35,0x4e21d19c
1,31,23120008,2024110712494965716,1,1,9,101,1,1.5,0x1,0x1,128,0,0,2024110712494965716,0,5915,20,20,0,0,50,36.729768,127.440160,103.902264,23,23,0,35,0x6bf6cfa7
1,31,23120008,2024110712494970728,1,1,9,101,1,1.5,0x1,0x1,128,0,0,2024110712494970728,0,5915,20,20,0,0,50,36.729768,127.440160,103.901568,24,24,0,35,0x2fed5b5d
1,31,23120008,2024110712494975738,1,1,9,101,1,1.5,0x1,0x1,128,0,0,2024110712494975738,0,5915,20,20,0,0,50,36.729768,127.440160,103.901768,25,25,0,35,0x5bc195b7
1,31,23120008,2024110712494980745,1,1,9,101,1,1.5,0x1,0x1,128,0,0,2024110712494980745,0,5915,20,20,0,0,50,36.729768,127.440160,103.902672,26,26,0,35,0x1e5c8913
1,31,23120008,2024110712494985757,1,1,9,101,1,1.5,0x1,0x1,128,0,0,2024110712494985757,0,5915,20,20,0,0,50,36.729768,127.440160,103.903760,27,27,0,35,0x456685c2
1,31,23120008,2024110712494990768,1,1,9,101,1,1.5,0x1,0x1,128,0,0,2024110712494990768,0,5915,20,20,0,0,50,36.729768,127.440160,103.902776,28,28,0,35,0x1281be37
1,31,23120008,2024110712494995779,1,1,9,101,1,1.5,0x1,0x1,128,0,0,2024110712494995779,0,5915,20,20,0,0,50,36.729768,127.440160,103.902208,29,29,0,35,0x127c39ad
1,31,23120008,2024110712495000792,1,1,9,101,1,1.5,0x1,0x1,128,0,0,2024110712495000792,0,5915,20,20,0,0,50,36.729768,127.440160,103.902968,30,30,0,35,0xb6f20551
1,31,23120008,2024110712495005804,1,1,9,101,1,1.5,0x1,0x1,128,0,0,2024110712495005804,0,5915,20,20,0,0,50,36.729768,127.440160,103.902848,31,31,0,35,0x756c2dd
1,31,23120008,2024110712495010815,1,1,9,101,1,1.5,0x1,0x1,128,0,0,2024110712495010815,0,5915,20,20,0,0,50,36.729768,127.440160,103.901760,32,32,0,35,0xed71ae1a
1,31,23120008,2024110712495015826,1,1,9,101,1,1.5,0x1,0x1,128,0,0,2024110712495015826,0,5915,20,20,0,0,50,36.729768,127.440160,103.901952,33,33,0,35,0xb8a7d027
1,31,23120008,2024110712495020837,1,1,9,101,1,1.5,0x1,0x1,128,0,0,2024110712495020837,0,5915,20,20,0,0,50,36.729768,127.440160,103.901432,34,34,0,35,0x4c9bf706
1,31,23120008,2024110712495025849,1,1,9,101,1,1.5,0x1,0x1,128,0,0,2024110712495025849,0,5915,20,20,0,0,50,36.729768,127.440160,103.901400,35,35,0,35,0x39cb0f96
1,31,23120008,2024110712495030861,1,1,9,101,1,1.5,0x1,0x1,128,0,0,2024110712495030861,0,5915,20,20,0,0,50,36.729768,127.440160,103.901992,36,36,0,35,0x6cde4642
1,31,23120008,2024110712495035873,1,1,9,101,1,1.5,0x1,0x1,128,0,0,2024110712495035873,0,5915,20,20,0,0,50,36.729768,127.440160,103.901328,37,37,0,35,0xa7a22e5b
1,31,23120008,2024110712495040885,1,1,9,101,1,1.5,0x1,0x1,128,0,0,2024110712495040885,0,5915,20,20,0,0,50,36.729768,127.440160,103.900272,38,38,0,35,0x702105b4
1,31,23120008,2024110712495045897,1,1,9,101,1,1.5,0x1,0x1,128,0,0,2024110712495045897,0,5915,20,20,0,0,50,36.729768,127.440160,103.899944,39,39,0,35,0x982eb5de
1,31,23120008,2024110712495050908,1,1,9,101,1,1.5,0x1,0x1,128,0,0,2024110712495050908,0,5915,20,20,0,0,50,36.729768,127.440160,103.900712,40,40,0,35,0xe5ac3674
1,31,23120008,2024110712495055919,1,1,9,101,1,1.5,0x1,0x1,128,0,0,2024110712495055919,0,5915,20,20,0,0,50,36.729768,127.440160,103.900456,41,41,0,35,0x7ed676f4
1,31,23120008,2024110712495060929,1,1,9,101,1,1.5,0x1,0x1,128,0,0,2024110712495060929,0,5915,20,20,0,0,50,36.729768,127.440160,103.899128,42,42,0,35,0x489bfa31
1,31,23120008,2024110712495065939,1,1,9,101,1,1.5,0x1,0x1,128,0,0,2024110712495065939,0,5915,20,20,0,0,50,36.729768,127.440160,103.898976,43,43,0,35,0x4f75aa42
1,31,23120008,2024110712495070949,1,1,9,101,1,1.5,0x1,0x1,128,0,0,2024110712495070949,0,5915,20,20,0,0,50,36.729768,127.440160,103.898056,44,44,0,35,0x2bec8870
1,31,23120008,2024110712495075959,1,1,9,101,1,1.5,0x1,0x1,128,0,0,2024110712495075959,0,5915,20,20,0,0,50,36.729768,127.440160,103.897456,45,45,0,35,0x73f97e03
1,31,23120008,2024110712495080968,1,1,9,101,1,1.5,0x1,0x1,128,0,0,2024110712495080968,0,5915,20,20,0,0,50,36.729768,127.440160,103.897888,46,46,0,35,0xe8eff5a9
1,31,23120008,2024110712495085978,1,1,9,101,1,1.5,0x1,0x1,128,0,0,2024110712495085978,0,5915,20,20,0,0,50,36.729768,127.440160,103.898360,47,47,0,35,0xfd5e5a76
1,31,23120008,2024110712495090987,1,1,9,101,1,1.5,0x1,0x1,128,0,0,2024110712495090987,0,5915,20,20,0,0,50,36.729768,127.440160,103.897592,48,48,0,35,0xca8293f1
1,31,23120008,2024110712495095995,1,1,9,101,1,1.5,0x1,0x1,128,0,0,2024110712495095995,0,5915,20,20,0,0,50,36.729768,127.440160,103.896792,49,49,0,35,0xa40cafc6
1,31,23120008,2024110712495101006,1,1,9,101,1,1.5,0x1,0x1,128,0,0,2024110712495101006,0,5915,20,20,0,0,50,36.729768,127.440160,103.897856,50,50,0,35,0xf8ddb003
1,31,23120008,2024110712495106016,1,1,9,101,1,1.5,0x1,0x1,128,0,0,2024110712495106016,0,5915,20,20,0,0,50,36.729768,127.440160,103.897816,51,51,0,35,0x8ba2757d
1,31,23120008,2024110712495111028,1,1,9,101,1,1.5,0x1,0x1,128,0,0,2024110712495111028,0,5915,20,20,0,0,50,36.729768,127.440160,103.897184,52,52,0,35,0x48908219
1,31,23120008,2024110712495116042,1,1,9,101,1,1.5,0x1,0x1,128,0,0,2024110712495116042,0,5915,20,20,0,0,50,36.729768,127.440160,103.896416,53,53,0,35,0xdac2a179
1,31,23120008,2024110712495121059,1,1,9,101,1,1.5,0x1,0x1,128,0,0,2024110712495121059,0,5915,20,20,0,0,50,36.729768,127.440160,103.896944,54,54,0,35,0xe0450b4f
1,31,23120008,2024110712495126071,1,1,9,101,1,1.5,0x1,0x1,128,0,0,2024110712495126071,0,5915,20,20,0,0,50,36.729768,127.440160,103.897160,55,55,0,35,0xc4c67825
1,31,23120008,2024110712495131083,1,1,9,101,1,1.5,0x1,0x1,128,0,0,2024110712495131083,0,5915,20,20,0,0,50,36.729768,127.440160,103.897080,56,56,0,35,0x3910ff52
1,31,23120008,2024110712495136094,1,1,9,101,1,1.5,0x1,0x1,128,0,0,2024110712495136094,0,5915,20,20,0,0,50,36.729768,127.440160,103.897072,57,57,0,35,0x40f55899
1,31,23120008,2024110712495141105,1,1,9,101,1,1.5,0x1,0x1,128,0,0,2024110712495141105,0,5915,20,20,0,0,50,36.729768,127.440160,103.896544,58,58,0,35,0x4d686fea
1,31,23120008,2024110712495146115,1,1,9,101,1,1.5,0x1,0x1,128,0,0,2024110712495146115,0,5915,20,20,0,0,50,36.729768,127.440160,103.895936,59,59,0,35,0x53b45af
1,31,23120008,2024110712495151125,1,1,9,101,1,1.5,0x1,0x1,128,0,0,2024110712495151125,0,5915,20,20,0,0,50,36.729768,127.440160,103.896448,60,60,0,35,0x3187a65a
1,31,23120008,2024110712495156136,1,1,9,101,1,1.5,0x1,0x1,128,0,0,2024110712495156136,0,5915,20,20,0,0,50,36.729768,127.440160,103.896352,61,61,0,35,0xa685056c
1,31,23120008,2024110712495161146,1,1,9,101,1,1.5,0x1,0x1,128,0,0,2024110712495161146,0,5915,20,20,0,0,50,36.729768,127.440160,103.894832,62,62,0,35,0x746860b6
1,31,23120008,2024110712495166157,1,1,9,101,1,1.5,0x1,0x1,128,0,0,2024110712495166157,0,5915,20,20,0,0,50,36.729768,127.440160,103.893736,63,63,0,35,0x4a897685
1,31,23120008,2024110712495171167,1,1,9,101,1,1.5,0x1,0x1,128,0,0,2024110712495171167,0,5915,20,20,0,0,50,36.729768,127.440160,103.893832,64,64,0,35,0xf600c4bb
1,31,23120008,2024110712495176178,1,1,9,101,1,1.5,0x1,0x1,128,0,0,2024110712495176178,0,5915,20,20,0,0,50,36.729768,127.440160,103.892928,65,65,0,35,0x67dde01a
1,31,23120008,2024110712495181188,1,1,9,101,1,1.5,0x1,0x1,128,0,0,2024110712495181188,0,5915,20,20,0,0,50,36.729768,127.440160,103.892336,66,66,0,35,0x7998646
1,31,23120008,2024110712495186199,1,1,9,101,1,1.5,0x1,0x1,128,0,0,2024110712495186199,0,5915,20,20,0,0,50,36.729768,127.440160,103.893840,67,67,0,35,0x4d6ae4a8
1,31,23120008,2024110712495191211,1,1,9,101,1,1.5,0x1,0x1,128,0,0,2024110712495191211,0,5915,20,20,0,0,50,36.729768,127.440160,103.893304,68,68,0,35,0xb3098a7c
1,31,23120008,2024110712495196223,1,1,9,101,1,1.5,0x1,0x1,128,0,0,2024110712495196223,0,5915,20,20,0,0,50,36.729768,127.440160,103.892176,69,69,0,35,0x7b148c4d
1,31,23120008,2024110712495201234,1,1,9,101,1,1.5,0x1,0x1,128,0,0,2024110712495201234,0,5915,20,20,0,0,50,36.729768,127.440160,103.892824,70,70,0,35,0x180cc048
1,31,23120008,2024110712495206245,1,1,9,101,1,1.5,0x1,0x1,128,0,0,2024110712495206245,0,5915,20,20,0,0,50,36.729768,127.440160,103.892696,71,71,0,35,0xb9df2f93
1,31,23120008,2024110712495211258,1,1,9,101,1,1.5,0x1,0x1,128,0,0,2024110712495211258,0,5915,20,20,0,0,50,36.729768,127.440160,103.891840,72,72,0,35,0xc52ae1fd
1,31,23120008,2024110712495216271,1,1,9,101,1,1.5,0x1,0x1,128,0,0,2024110712495216271,0,5915,20,20,0,0,50,36.729768,127.440160,103.890760,73,73,0,35,0xdb31eac9
1,31,23120008,2024110712495221283,1,1,9,101,1,1.5,0x1,0x1,128,0,0,2024110712495221283,0,5915,20,20,0,0,50,36.729768,127.440160,103.890592,74,74,0,35,0x8e3eb8ce
1,31,23120008,2024110712495226295,1,1,9,101,1,1.5,0x1,0x1,128,0,0,2024110712495226295,0,5915,20,20,0,0,50,36.729768,127.440160,103.890312,75,75,0,35,0xe60904bb
1,31,23120008,2024110712495231309,1,1,9,101,1,1.5,0x1,0x1,128,0,0,2024110712495231309,0,5915,20,20,0,0,50,36.729768,127.440160,103.891296,76,76,0,36,0x144471f0
1,31,23120008,2024110712495236320,1,1,9,101,1,1.5,0x1,0x1,128,0,0,2024110712495236320,0,5915,20,20,0,0,50,36.729768,127.440160,103.889760,77,77,0,36,0xf9553601
1,31,23120008,2024110712495241333,1,1,9,101,1,1.5,0x1,0x1,128,0,0,2024110712495241333,0,5915,20,20,0,0,50,36.729768,127.440160,103.889064,78,78,0,36,0x11b3d4bc
1,31,23120008,2024110712495246345,1,1,9,101,1,1.5,0x1,0x1,128,0,0,2024110712495246345,0,5915,20,20,0,0,50,36.729768,127.440160,103.889072,79,79,0,36,0xdb216eb7
1,31,23120008,2024110712495251358,1,1,9,101,1,1.5,0x1,0x1,128,0,0,2024110712495251358,0,5915,20,20,0,0,50,36.729768,127.440160,103.888648,80,80,0,36,0xe30a5dd5
1,31,23120008,2024110712495256369,1,1,9,101,1,1.5,0x1,0x1,128,0,0,2024110712495256369,0,5915,20,20,0,0,50,36.729768,127.440160,103.887984,81,81,0,36,0xdba7a466
1,31,23120008,2024110712495261383,1,1,9,101,1,1.5,0x1,0x1,128,0,0,2024110712495261383,0,5915,20,20,0,0,50,36.729768,127.440160,103.889416,82,82,0,36,0xb9ac93c8
1,31,23120008,2024110712495266394,1,1,9,101,1,1.5,0x1,0x1,128,0,0,2024110712495266394,0,5915,20,20,0,0,50,36.729768,127.440160,103.888480,83,83,0,36,0x439a9f6c
1,31,23120008,2024110712495271410,1,1,9,101,1,1.5,0x1,0x1,128,0,0,2024110712495271410,0,5915,20,20,0,0,50,36.729768,127.440160,103.887912,84,84,0,36,0x7d6929df
1,31,23120008,2024110712495276429,1,1,9,101,1,1.5,0x1,0x1,128,0,0,2024110712495276429,0,5915,20,20,0,0,50,36.729768,127.440160,103.887352,85,85,0,36,0x420477a9
1,31,23120008,2024110712495281440,1,1,9,101,1,1.5,0x1,0x1,128,0,0,2024110712495281440,0,5915,20,20,0,0,50,36.729768,127.440160,103.887912,86,86,0,36,0x659844ec
1,31,23120008,2024110712495286452,1,1,9,101,1,1.5,0x1,0x1,128,0,0,2024110712495286452,0,5915,20,20,0,0,50,36.729768,127.440160,103.886416,87,87,0,36,0x7a640a96
1,31,23120008,2024110712495291465,1,1,9,101,1,1.5,0x1,0x1,128,0,0,2024110712495291465,0,5915,20,20,0,0,50,36.729768,127.440160,103.885248,88,88,0,36,0x1a7235c6
1,31,23120008,2024110712495296476,1,1,9,101,1,1.5,0x1,0x1,128,0,0,2024110712495296476,0,5915,20,20,0,0,50,36.729768,127.440160,103.885688,89,89,0,36,0x52ab423
1,31,23120008,2024110712495301485,1,1,9,101,1,1.5,0x1,0x1,128,0,0,2024110712495301485,0,5915,20,20,0,0,50,36.729768,127.440160,103.884824,90,90,0,36,0xc07163aa
1,31,23120008,2024110712495306496,1,1,9,101,1,1.5,0x1,0x1,128,0,0,2024110712495306496,0,5915,20,20,0,0,50,36.729768,127.440160,103.883904,91,91,0,36,0xaff0b78f
1,31,23120008,2024110712495311507,1,1,9,101,1,1.5,0x1,0x1,128,0,0,2024110712495311507,0,5915,20,20,0,0,50,36.729768,127.440160,103.884944,92,92,0,36,0xa17d461b
1,31,23120008,2024110712495316547,1,1,9,101,1,1.5,0x1,0x1,128,0,0,2024110712495316547,0,5915,20,20,0,0,50,36.729768,127.440160,103.883800,93,93,0,36,0xa1d273ff
1,31,23120008,2024110712495321558,1,1,9,101,1,1.5,0x1,0x1,128,0,0,2024110712495321558,0,5915,20,20,0,0,50,36.729768,127.440160,103.884120,94,94,0,36,0x97802526
1,31,23120008,2024110712495326567,1,1,9,101,1,1.5,0x1,0x1,128,0,0,2024110712495326567,0,5915,20,20,0,0,50,36.729768,127.440160,103.883696,95,95,0,36,0xc7943a94
1,31,23120008,2024110712495331576,1,1,9,101,1,1.5,0x1,0x1,128,0,0,2024110712495331576,0,5915,20,20,0,0,50,36.729768,127.440160,103.883280,96,96,0,36,0xccb961dd
1,31,23120008,2024110712495336589,1,1,9,101,1,1.5,0x1,0x1,128,0,0,2024110712495336589,0,5915,20,20,0,0,50,36.729768,127.440160,103.882992,97,97,0,36,0xa6283b94
1,31,23120008,2024110712495341602,1,1,9,101,1,1.5,0x1,0x1,128,0,0,2024110712495341602,0,5915,20,20,0,0,50,36.729768,127.440160,103.881456,98,98,0,36,0x1e7a5240
1,31,23120008,2024110712495346616,1,1,9,101,1,1.5,0x1,0x1,128,0,0,2024110712495346616,0,5915,20,20,0,0,50,36.729768,127.440160,103.880472,99,99,0,36,0x2ea119fc
1,31,23120008,2024110712495351624,1,1,9,101,1,1.5,0x1,0x1,128,0,0,2024110712495351624,0,5915,20,20,0,0,50,36.729768,127.440160,103.880728,100,100,0,36,0x2cd6da3e
1,31,23120008,2024110712495356635,1,1,9,101,1,1.5,0x1,0x1,128,0,0,2024110712495356635,0,5915,20,20,0,0,50,36.729768,127.440160,103.880296,101,1,0,36,0xb3486709
1,31,23120008,2024110712495361647,1,1,9,101,1,1.5,0x1,0x1,128,0,0,2024110712495361647,0,5915,20,20,0,0,50,36.729768,127.440160,103.879184,102,2,0,36,0xb66b7e78
1,31,23120008,2024110712495366659,1,1,9,101,1,1.5,0x1,0x1,128,0,0,2024110712495366659,0,5915,20,20,0,0,50,36.729768,127.440160,103.877936,103,3,0,36,0x967b0b40
1,31,23120008,2024110712495371671,1,1,9,101,1,1.5,0x1,0x1,128,0,0,2024110712495371671,0,5915,20,20,0,0,50,36.729768,127.440160,103.877632,104,4,0,36,0x385a9f18
1,31,23120008,2024110712495376683,1,1,9,101,1,1.5,0x1,0x1,128,0,0,2024110712495376683,0,5915,20,20,0,0,50,36.729768,127.440160,103.876896,105,5,0,36,0xf982aac9
1,31,23120008,2024110712495381695,1,1,9,101,1,1.5,0x1,0x1,128,0,0,2024110712495381695,0,5915,20,20,0,0,50,36.729768,127.440160,103.876152,106,6,0,36,0x97f0e19f
1,31,23120008,2024110712495386707,1,1,9,101,1,1.5,0x1,0x1,128,0,0,2024110712495386707,0,5915,20,20,0,0,50,36.729768,127.440160,103.877360,107,7,0,36,0xb8616ac1
1,31,23120008,2024110712495391718,1,1,9,101,1,1.5,0x1,0x1,128,0,0,2024110712495391718,0,5915,20,20,0,0,50,36.729768,127.440160,103.875392,108,8,0,36,0xdea35631
1,31,23120008,2024110712495396730,1,1,9,101,1,1.5,0x1,0x1,128,0,0,2024110712495396730,0,5915,20,20,0,0,50,36.729768,127.440160,103.874176,109,9,0,36,0xf128f287
1,31,23120008,2024110712495401740,1,1,9,101,1,1.5,0x1,0x1,128,0,0,2024110712495401740,0,5915,20,20,0,0,50,36.729768,127.440160,103.874360,110,10,0,36,0xea631d81
1,31,23120008,2024110712495406750,1,1,9,101,1,1.5,0x1,0x1,128,0,0,2024110712495406750,0,5915,20,20,0,0,50,36.729768,127.440160,103.873928,111,11,0,36,0x36d26c4
1,31,23120008,2024110712495411763,1,1,9,101,1,1.5,0x1,0x1,128,0,0,2024110712495411763,0,5915,20,20,0,0,50,36.729768,127.440160,103.873272,112,12,0,36,0x79f04f7
1,31,23120008,2024110712495416775,1,1,9,101,1,1.5,0x1,0x1,128,0,0,2024110712495416775,0,5915,20,20,0,0,50,36.729768,127.440160,103.872160,113,13,0,36,0x3ba0cdc2
1,31,23120008,2024110712495421788,1,1,9,101,1,1.5,0x1,0x1,128,0,0,2024110712495421788,0,5915,20,20,0,0,50,36.729768,127.440160,103.871208,114,14,0,36,0x8e4aaa51
1,31,23120008,2024110712495426800,1,1,9,101,1,1.5,0x1,0x1,128,0,0,2024110712495426800,0,5915,20,20,0,0,50,36.729768,127.440160,103.870024,115,15,0,36,0x3ef91521
1,31,23120008,2024110712495431812,1,1,9,101,1,1.5,0x1,0x1,128,0,0,2024110712495431812,0,5915,20,20,0,0,50,36.729768,127.440160,103.870328,116,16,0,36,0x13c2c4b2
1,31,23120008,2024110712495436824,1,1,9,101,1,1.5,0x1,0x1,128,0,0,2024110712495436824,0,5915,20,20,0,0,50,36.729768,127.440160,103.868032,117,17,0,36,0xbf4d8ffd
1,31,23120008,2024110712495441835,1,1,9,101,1,1.5,0x1,0x1,128,0,0,2024110712495441835,0,5915,20,20,0,0,50,36.729768,127.440160,103.866672,118,18,0,36,0xd7aab848
1,31,23120008,2024110712495446846,1,1,9,101,1,1.5,0x1,0x1,128,0,0,2024110712495446846,0,5915,20,20,0,0,50,36.729768,127.440160,103.866568,119,19,0,36,0xda591cd6
1,31,23120008,2024110712495451857,1,1,9,101,1,1.5,0x1,0x1,128,0,0,2024110712495451857,0,5915,20,20,0,0,50,36.729768,127.440160,103.865872,120,20,0,36,0x5e28926b
1,31,23120008,2024110712495456869,1,1,9,101,1,1.5,0x1,0x1,128,0,0,2024110712495456869,0,5915,20,20,0,0,50,36.729768,127.440160,103.865192,121,21,0,36,0xef3a1895
1,31,23120008,2024110712495461882,1,1,9,101,1,1.5,0x1,0x1,128,0,0,2024110712495461882,0,5915,20,20,0,0,50,36.729768,127.440160,103.863224,122,22,0,36,0xc2655718
1,31,23120008,2024110712495466894,1,1,9,101,1,1.5,0x1,0x1,128,0,0,2024110712495466894,0,5915,20,20,0,0,50,36.729768,127.440160,103.863376,123,23,0,36,0xe8a17701
1,31,23120008,2024110712495471906,1,1,9,101,1,1.5,0x1,0x1,128,0,0,2024110712495471906,0,5915,20,20,0,0,50,36.729768,127.440160,103.862424,124,24,0,36,0x503a01cc
1,31,23120008,2024110712495476918,1,1,9,101,1,1.5,0x1,0x1,128,0,0,2024110712495476918,0,5915,20,20,0,0,50,36.729768,127.440160,103.861720,125,25,0,36,0x3f6eaf81
1,31,23120008,2024110712495481929,1,1,9,101,1,1.5,0x1,0x1,128,0,0,2024110712495481929,0,5915,20,20,0,0,50,36.729768,127.440160,103.862592,126,26,0,36,0xd4d66cab
1,31,23120008,2024110712495486940,1,1,9,101,1,1.5,0x1,0x1,128,0,0,2024110712495486940,0,5915,20,20,0,0,50,36.729768,127.440160,103.862736,127,27,0,36,0x193fcdaa
1,31,23120008,2024110712495491952,1,1,9,101,1,1.5,0x1,0x1,128,0,0,2024110712495491952,0,5915,20,20,0,0,50,36.729768,127.440160,103.861992,128,28,0,36,0x6c438fbc
1,31,23120008,2024110712495496963,1,1,9,101,1,1.5,0x1,0x1,128,0,0,2024110712495496963,0,5915,20,20,0,0,50,36.729768,127.440160,103.861744,129,29,0,36,0xc0dc652a
1,31,23120008,2024110712495501975,1,1,9,101,1,1.5,0x1,0x1,128,0,0,2024110712495501975,0,5915,20,20,0,0,50,36.729768,127.440160,103.861176,130,30,0,36,0xb28570dd
1,31,23120008,2024110712495506986,1,1,9,101,1,1.5,0x1,0x1,128,0,0,2024110712495506986,0,5915,20,20,0,0,50,36.729768,127.440160,103.860592,131,31,0,36,0x349899c
1,31,23120008,2024110712495511998,1,1,9,101,1,1.5,0x1,0x1,128,0,0,2024110712495511998,0,5915,20,20,0,0,50,36.729768,127.440160,103.858952,132,32,0,36,0xc94db7e0
1,31,23120008,2024110712495517010,1,1,9,101,1,1.5,0x1,0x1,128,0,0,2024110712495517010,0,5915,20,20,0,0,50,36.729768,127.440160,103.857984,133,33,0,36,0xfdab758f
1,31,23120008,2024110712495522021,1,1,9,101,1,1.5,0x1,0x1,128,0,0,2024110712495522021,0,5915,20,20,0,0,50,36.729768,127.440160,103.858016,134,34,0,36,0x9cee0aff
1,31,23120008,2024110712495527032,1,1,9,101,1,1.5,0x1,0x1,128,0,0,2024110712495527032,0,5915,20,20,0,0,50,36.729768,127.440160,103.857400,135,35,0,36,0x86b31398
1,31,23120008,2024110712495532044,1,1,9,101,1,1.5,0x1,0x1,128,0,0,2024110712495532044,0,5915,20,20,0,0,50,36.729768,127.440160,103.857768,136,36,0,36,0xf5b60fa
1,31,23120008,2024110712495537056,1,1,9,101,1,1.5,0x1,0x1,128,0,0,2024110712495537056,0,5915,20,20,0,0,50,36.729768,127.440160,103.856448,137,37,0,36,0x4823a124
1,31,23120008,2024110712495542067,1,1,9,101,1,1.5,0x1,0x1,128,0,0,2024110712495542067,0,5915,20,20,0,0,50,36.729768,127.440160,103.855104,138,38,0,36,0xdc276147
1,31,23120008,2024110712495547079,1,1,9,101,1,1.5,0x1,0x1,128,0,0,2024110712495547079,0,5915,20,20,0,0,50,36.729768,127.440160,103.854248,139,39,0,36,0x32efa15e
1,31,23120008,2024110712495552091,1,1,9,101,1,1.5,0x1,0x1,128,0,0,2024110712495552091,0,5915,20,20,0,0,50,36.729768,127.440160,103.854848,140,40,0,36,0x8ceb40ac
1,31,23120008,2024110712495557102,1,1,9,101,1,1.5,0x1,0x1,128,0,0,2024110712495557102,0,5915,20,20,0,0,50,36.729768,127.440160,103.854608,141,41,0,36,0xc1b91c31
1,31,23120008,2024110712495562113,1,1,9,101,1,1.5,0x1,0x1,128,0,0,2024110712495562113,0,5915,20,20,0,0,50,36.729768,127.440160,103.853064,142,42,0,36,0xdb527afc
1,31,23120008,2024110712495567125,1,1,9,101,1,1.5,0x1,0x1,128,0,0,2024110712495567125,0,5915,20,20,0,0,50,36.729768,127.440160,103.852512,143,43,0,36,0x2b5d91b2
1,31,23120008,2024110712495572135,1,1,9,101,1,1.5,0x1,0x1,128,0,0,2024110712495572135,0,5915,20,20,0,0,50,36.729768,127.440160,103.851632,144,44,0,36,0x6f516c5b
1,31,23120008,2024110712495577146,1,1,9,101,1,1.5,0x1,0x1,128,0,0,2024110712495577146,0,5915,20,20,0,0,50,36.729768,127.440160,103.850992,145,45,0,36,0x920a9ba1
1,31,23120008,2024110712495582156,1,1,9,101,1,1.5,0x1,0x1,128,0,0,2024110712495582156,0,5915,20,20,0,0,50,36.729768,127.440160,103.851488,146,46,0,36,0xec35bf57
1,31,23120008,2024110712495587167,1,1,9,101,1,1.5,0x1,0x1,128,0,0,2024110712495587167,0,5915,20,20,0,0,50,36.729768,127.440160,103.850008,147,47,0,36,0x38731377
1,31,23120008,2024110712495592177,1,1,9,101,1,1.5,0x1,0x1,128,0,0,2024110712495592177,0,5915,20,20,0,0,50,36.729768,127.440160,103.849344,148,48,0,36,0xb241fc39
1,31,23120008,2024110712495597187,1,1,9,101,1,1.5,0x1,0x1,128,0,0,2024110712495597187,0,5915,20,20,0,0,50,36.729768,127.440160,103.848584,149,49,0,36,0xecad694d
1,31,23120008,2024110712495602200,1,1,9,101,1,1.5,0x1,0x1,128,0,0,2024110712495602200,0,5915,20,20,0,0,50,36.729768,127.440160,103.849520,150,50,0,36,0xfd7415ca
1,31,23120008,2024110712495607212,1,1,9,101,1,1.5,0x1,0x1,128,0,0,2024110712495607212,0,5915,20,20,0,0,50,36.729768,127.440160,103.849112,151,51,0,36,0x90a0350c
1,31,23120008,2024110712495612223,1,1,9,101,1,1.5,0x1,0x1,128,0,0,2024110712495612223,0,5915,20,20,0,0,50,36.729768,127.440160,103.849808,152,52,0,36,0xfbe9f215
1,31,23120008,2024110712495617233,1,1,9,101,1,1.5,0x1,0x1,128,0,0,2024110712495617233,0,5915,20,20,0,0,50,36.729768,127.440160,103.848984,153,53,0,36,0xc220c0ee
1,31,23120008,2024110712495622244,1,1,9,101,1,1.5,0x1,0x1,128,0,0,2024110712495622244,0,5915,20,20,0,0,50,36.729768,127.440160,103.848976,154,54,0,37,0xba11c978
1,31,23120008,2024110712495627256,1,1,9,101,1,1.5,0x1,0x1,128,0,0,2024110712495627256,0,5915,20,20,0,0,50,36.729768,127.440160,103.848008,155,55,0,37,0xf258395e
1,31,23120008,2024110712495632268,1,1,9,101,1,1.5,0x1,0x1,128,0,0,2024110712495632268,0,5915,20,20,0,0,50,36.729768,127.440160,103.848000,156,56,0,37,0x6b3000de
1,31,23120008,2024110712495637278,1,1,9,101,1,1.5,0x1,0x1,128,0,0,2024110712495637278,0,5915,20,20,0,0,50,36.729768,127.440160,103.846608,157,57,0,37,0xffe62cc9
1,31,23120008,2024110712495642287,1,1,9,101,1,1.5,0x1,0x1,128,0,0,2024110712495642287,0,5915,20,20,0,0,50,36.729768,127.440160,103.846384,158,58,0,37,0x238540d2
1,31,23120008,2024110712495647297,1,1,9,101,1,1.5,0x1,0x1,128,0,0,2024110712495647297,0,5915,20,20,0,0,50,36.729768,127.440160,103.845984,159,59,0,37,0x6ea3c2c3
1,31,23120008,2024110712495652307,1,1,9,101,1,1.5,0x1,0x1,128,0,0,2024110712495652307,0,5915,20,20,0,0,50,36.729768,127.440160,103.846208,160,60,0,37,0xe6462518
1,31,23120008,2024110712495657316,1,1,9,101,1,1.5,0x1,0x1,128,0,0,2024110712495657316,0,5915,20,20,0,0,50,36.729768,127.440160,103.845952,161,61,0,37,0x1a10e20c
1,31,23120008,2024110712495662325,1,1,9,101,1,1.5,0x1,0x1,128,0,0,2024110712495662325,0,5915,20,20,0,0,50,36.729768,127.440160,103.844496,162,62,0,37,0x444919c1
1,31,23120008,2024110712495667334,1,1,9,101,1,1.5,0x1,0x1,128,0,0,2024110712495667334,0,5915,20,20,0,0,50,36.729768,127.440160,103.843080,163,63,0,37,0x64293b05
1,31,23120008,2024110712495672345,1,1,9,101,1,1.5,0x1,0x1,128,0,0,2024110712495672345,0,5915,20,20,0,0,50,36.729768,127.440160,103.842880,164,64,0,37,0x548f59e3
1,31,23120008,2024110712495677356,1,1,9,101,1,1.5,0x1,0x1,128,0,0,2024110712495677356,0,5915,20,20,0,0,50,36.729768,127.440160,103.842120,165,65,0,37,0x45160292
1,31,23120008,2024110712495682367,1,1,9,101,1,1.5,0x1,0x1,128,0,0,2024110712495682367,0,5915,20,20,0,0,50,36.729768,127.440160,103.841824,166,66,0,37,0x8fc23bea
1,31,23120008,2024110712495687379,1,1,9,101,1,1.5,0x1,0x1,128,0,0,2024110712495687379,0,5915,20,20,0,0,50,36.729768,127.440160,103.840240,167,67,0,37,0xcf982d7
1,31,23120008,2024110712495692391,1,1,9,101,1,1.5,0x1,0x1,128,0,0,2024110712495692391,0,5915,20,20,0,0,50,36.729768,127.440160,103.840368,168,68,0,37,0xf8cd0d49
1,31,23120008,2024110712495697403,1,1,9,101,1,1.5,0x1,0x1,128,0,0,2024110712495697403,0,5915,20,20,0,0,50,36.729768,127.440160,103.839824,169,69,0,37,0x8e0454be
1,31,23120008,2024110712495702413,1,1,9,101,1,1.5,0x1,0x1,128,0,0,2024110712495702413,0,5915,20,20,0,0,50,36.729768,127.440160,103.839400,170,70,0,37,0xaee2fc0a
1,31,23120008,2024110712495707424,1,1,9,101,1,1.5,0x1,0x1,128,0,0,2024110712495707424,0,5915,20,20,0,0,50,36.729768,127.440160,103.839104,171,71,0,37,0x46d1b206
1,31,23120008,2024110712495712434,1,1,9,101,1,1.5,0x1,0x1,128,0,0,2024110712495712434,0,5915,20,20,0,0,50,36.729768,127.440160,103.840968,172,72,0,37,0x9eb99d4e
1,31,23120008,2024110712495717443,1,1,9,101,1,1.5,0x1,0x1,128,0,0,2024110712495717443,0,5915,20,20,0,0,50,36.729768,127.440160,103.839872,173,73,0,37,0xd96ba625
1,31,23120008,2024110712495722453,1,1,9,101,1,1.5,0x1,0x1,128,0,0,2024110712495722453,0,5915,20,20,0,0,50,36.729768,127.440160,103.839416,174,74,0,37,0xd0a501f5
1,31,23120008,2024110712495727463,1,1,9,101,1,1.5,0x1,0x1,128,0,0,2024110712495727463,0,5915,20,20,0,0,50,36.729768,127.440160,103.839720,175,75,0,37,0x6de5ddd
1,31,23120008,2024110712495732473,1,1,9,101,1,1.5,0x1,0x1,128,0,0,2024110712495732473,0,5915,20,20,0,0,50,36.729768,127.440160,103.839544,176,76,0,37,0xf3cdc72b
1,31,23120008,2024110712495737484,1,1,9,101,1,1.5,0x1,0x1,128,0,0,2024110712495737484,0,5915,20,20,0,0,50,36.729768,127.440160,103.837816,177,77,0,37,0x83e4ee34
1,31,23120008,2024110712495742496,1,1,9,101,1,1.5,0x1,0x1,128,0,0,2024110712495742496,0,5915,20,20,0,0,50,36.729768,127.440160,103.837232,178,78,0,37,0xefe2f9ad
1,31,23120008,2024110712495747508,1,1,9,101,1,1.5,0x1,0x1,128,0,0,2024110712495747508,0,5915,20,20,0,0,50,36.729768,127.440160,103.836896,179,79,0,37,0x7e89c069
1,31,23120008,2024110712495752519,1,1,9,101,1,1.5,0x1,0x1,128,0,0,2024110712495752519,0,5915,20,20,0,0,50,36.729768,127.440160,103.836104,180,80,0,37,0x44d1082e
1,31,23120008,2024110712495757529,1,1,9,101,1,1.5,0x1,0x1,128,0,0,2024110712495757529,0,5915,20,20,0,0,50,36.729768,127.440160,103.836304,181,81,0,37,0xcae17723
1,31,23120008,2024110712495762541,1,1,9,101,1,1.5,0x1,0x1,128,0,0,2024110712495762541,0,5915,20,20,0,0,50,36.729768,127.440160,103.834920,182,82,0,37,0x500d58c
1,31,23120008,2024110712495767552,1,1,9,101,1,1.5,0x1,0x1,128,0,0,2024110712495767552,0,5915,20,20,0,0,50,36.729768,127.440160,103.833920,183,83,0,37,0x92008e2f
1,31,23120008,2024110712495772562,1,1,9,101,1,1.5,0x1,0x1,128,0,0,2024110712495772562,0,5915,20,20,0,0,50,36.729768,127.440160,103.833584,184,84,0,37,0xf8c853e2
1,31,23120008,2024110712495777572,1,1,9,101,1,1.5,0x1,0x1,128,0,0,2024110712495777572,0,5915,20,20,0,0,50,36.729768,127.440160,103.833256,185,85,0,37,0x9ecc98d5
1,31,23120008,2024110712495782582,1,1,9,101,1,1.5,0x1,0x1,128,0,0,2024110712495782582,0,5915,20,20,0,0,50,36.729768,127.440160,103.832736,186,86,0,37,0x178eedc5
1,31,23120008,2024110712495787594,1,1,9,101,1,1.5,0x1,0x1,128,0,0,2024110712495787594,0,5915,20,20,0,0,50,36.729768,127.440160,103.833744,187,87,0,37,0x95f628d8
1,31,23120008,2024110712495792606,1,1,9,101,1,1.5,0x1,0x1,128,0,0,2024110712495792606,0,5915,20,20,0,0,50,36.729768,127.440160,103.832936,188,88,0,37,0x4f43f68f
1,31,23120008,2024110712495797618,1,1,9,101,1,1.5,0x1,0x1,128,0,0,2024110712495797618,0,5915,20,20,0,0,50,36.729768,127.440160,103.832736,189,89,0,37,0x73f2b702
1,31,23120008,2024110712495802629,1,1,9,101,1,1.5,0x1,0x1,128,0,0,2024110712495802629,0,5915,20,20,0,0,50,36.729768,127.440160,103.831608,190,90,0,38,0xa4b16dc6
1,31,23120008,2024110712495807640,1,1,9,101,1,1.5,0x1,0x1,128,0,0,2024110712495807640,0,5915,20,20,0,0,50,36.729768,127.440160,103.831240,191,91,0,38,0x8e11fa
1,31,23120008,2024110712495812652,1,1,9,101,1,1.5,0x1,0x1,128,0,0,2024110712495812652,0,5915,20,20,0,0,50,36.729768,127.440160,103.830832,192,92,0,38,0x6954f0a1
1,31,23120008,2024110712495817663,1,1,9,101,1,1.5,0x1,0x1,128,0,0,2024110712495817663,0,5915,20,20,0,0,50,36.729768,127.440160,103.830336,193,93,0,38,0x6bacd76b
1,31,23120008,2024110712495822675,1,1,9,101,1,1.5,0x1,0x1,128,0,0,2024110712495822675,0,5915,20,20,0,0,50,36.729768,127.440160,103.830616,194,94,0,38,0x2cc8ffb5
1,31,23120008,2024110712495827687,1,1,9,101,1,1.5,0x1,0x1,128,0,0,2024110712495827687,0,5915,20,20,0,0,50,36.729768,127.440160,103.830288,195,95,0,38,0x1971aba5
1,31,23120008,2024110712495832699,1,1,9,101,1,1.5,0x1,0x1,128,0,0,2024110712495832699,0,5915,20,20,0,0,50,36.729768,127.440160,103.830248,196,96,0,38,0x12d67191
1,31,23120008,2024110712495837711,1,1,9,101,1,1.5,0x1,0x1,128,0,0,2024110712495837711,0,5915,20,20,0,0,50,36.729768,127.440160,103.829224,197,97,0,38,0x1543e647
1,31,23120008,2024110712495842722,1,1,9,101,1,1.5,0x1,0x1,128,0,0,2024110712495842722,0,5915,20,20,0,0,50,36.729768,127.440160,103.829424,198,98,0,38,0x7e385a47
1,31,23120008,2024110712495847733,1,1,9,101,1,1.5,0x1,0x1,128,0,0,2024110712495847733,0,5915,20,20,0,0,50,36.729768,127.440160,103.828648,199,99,0,38,0x517c3cda
1,31,23120008,2024110712495852745,1,1,9,101,1,1.5,0x1,0x1,128,0,0,2024110712495852745,0,5915,20,20,0,0,50,36.729768,127.440160,103.828840,200,100,0,38,0x81f3bf72
1,31,23120008,2024110712495857757,1,1,9,101,1,1.5,0x1,0x1,128,0,0,2024110712495857757,0,5915,20,20,0,0,50,36.729768,127.440160,103.828408,201,1,0,38,0x9e1fa87e
1,31,23120008,2024110712495862769,1,1,9,101,1,1.5,0x1,0x1,128,0,0,2024110712495862769,0,5915,20,20,0,0,50,36.729768,127.440160,103.826920,202,2,0,38,0x3ea6c20b
1,31,23120008,2024110712495867781,1,1,9,101,1,1.5,0x1,0x1,128,0,0,2024110712495867781,0,5915,20,20,0,0,50,36.729768,127.440160,103.826376,203,3,0,38,0x556dba09
1,31,23120008,2024110712495872793,1,1,9,101,1,1.5,0x1,0x1,128,0,0,2024110712495872793,0,5915,20,20,0,0,50,36.729768,127.440160,103.826232,204,4,0,38,0x111ee34
1,31,23120008,2024110712495877804,1,1,9,101,1,1.5,0x1,0x1,128,0,0,2024110712495877804,0,5915,20,20,0,0,50,36.729768,127.440160,103.825752,205,5,0,38,0x6e01907f
1,31,23120008,2024110712495882815,1,1,9,101,1,1.5,0x1,0x1,128,0,0,2024110712495882815,0,5915,20,20,0,0,50,36.729768,127.440160,103.825128,206,6,0,38,0x554e43c2
1,31,23120008,2024110712495887827,1,1,9,101,1,1.5,0x1,0x1,128,0,0,2024110712495887827,0,5915,20,20,0,0,50,36.729768,127.440160,103.824096,207,7,0,38,0x769a8931
1,31,23120008,2024110712495892837,1,1,9,101,1,1.5,0x1,0x1,128,0,0,2024110712495892837,0,5915,20,20,0,0,50,36.729768,127.440160,103.823696,208,8,0,38,0x9557a146
1,31,23120008,2024110712495897848,1,1,9,101,1,1.5,0x1,0x1,128,0,0,2024110712495897848,0,5915,20,20,0,0,50,36.729768,127.440160,103.823152,209,9,0,38,0xba5f3673
1,31,23120008,2024110712495902859,1,1,9,101,1,1.5,0x1,0x1,128,0,0,2024110712495902859,0,5915,20,20,0,0,50,36.729768,127.440160,103.822688,210,10,0,38,0x578918f2
1,31,23120008,2024110712495907871,1,1,9,101,1,1.5,0x1,0x1,128,0,0,2024110712495907871,0,5915,20,20,0,0,50,36.729768,127.440160,103.823392,211,11,0,38,0x4ab98087
1,31,23120008,2024110712495912882,1,1,9,101,1,1.5,0x1,0x1,128,0,0,2024110712495912882,0,5915,20,20,0,0,50,36.729768,127.440160,103.824024,212,12,0,38,0xe01352af
1,31,23120008,2024110712495917894,1,1,9,101,1,1.5,0x1,0x1,128,0,0,2024110712495917894,0,5915,20,20,0,0,50,36.729768,127.440160,103.824096,213,13,0,38,0x5359f77a
1,31,23120008,2024110712495922906,1,1,9,101,1,1.5,0x1,0x1,128,0,0,2024110712495922906,0,5915,20,20,0,0,50,36.729768,127.440160,103.823400,214,14,0,38,0xff16b400
1,31,23120008,2024110712495927918,1,1,9,101,1,1.5,0x1,0x1,128,0,0,2024110712495927918,0,5915,20,20,0,0,50,36.729768,127.440160,103.823072,215,15,0,38,0x4b04de18
1,31,23120008,2024110712495932932,1,1,9,101,1,1.5,0x1,0x1,128,0,0,2024110712495932932,0,5915,20,20,0,0,50,36.729768,127.440160,103.823952,216,16,0,38,0xd94c196b
1,31,23120008,2024110712495937942,1,1,9,101,1,1.5,0x1,0x1,128,0,0,2024110712495937942,0,5915,20,20,0,0,50,36.729768,127.440160,103.822856,217,17,0,38,0xdfb6db4
1,31,23120008,2024110712495942953,1,1,9,101,1,1.5,0x1,0x1,128,0,0,2024110712495942953,0,5915,20,20,0,0,50,36.729768,127.440160,103.822112,218,18,0,38,0x89d421e8
1,31,23120008,2024110712495947966,1,1,9,101,1,1.5,0x1,0x1,128,0,0,2024110712495947966,0,5915,20,20,0,0,50,36.729768,127.440160,103.822064,219,19,0,38,0x4cd3459
1,31,23120008,2024110712495952978,1,1,9,101,1,1.5,0x1,0x1,128,0,0,2024110712495952978,0,5915,20,20,0,0,50,36.729768,127.440160,103.822568,220,20,0,38,0x437ceb27
1,31,23120008,2024110712495957989,1,1,9,101,1,1.5,0x1,0x1,128,0,0,2024110712495957989,0,5915,20,20,0,0,50,36.729768,127.440160,103.822360,221,21,0,38,0x586fe4ed
1,31,23120008,2024110712495963001,1,1,9,101,1,1.5,0x1,0x1,128,0,0,2024110712495963001,0,5915,20,20,0,0,50,36.729768,127.440160,103.821184,222,22,0,38,0xd04e41a1
1,31,23120008,2024110712495968013,1,1,9,101,1,1.5,0x1,0x1,128,0,0,2024110712495968013,0,5915,20,20,0,0,50,36.729768,127.440160,103.821184,223,23,0,38,0x2c185531
1,31,23120008,2024110712495973025,1,1,9,101,1,1.5,0x1,0x1,128,0,0,2024110712495973025,0,5915,20,20,0,0,50,36.729768,127.440160,103.820400,224,24,0,38,0x17974403
1,31,23120008,2024110712495978036,1,1,9,101,1,1.5,0x1,0x1,128,0,0,2024110712495978036,0,5915,20,20,0,0,50,36.729768,127.440160,103.820024,225,25,0,38,0x985fa8f7
1,31,23120008,2024110712495983045,1,1,9,101,1,1.5,0x1,0x1,128,0,0,2024110712495983045,0,5915,20,20,0,0,50,36.729768,127.440160,103.820624,226,26,0,38,0x39eb5210
1,31,23120008,2024110712495988057,1,1,9,101,1,1.5,0x1,0x1,128,0,0,2024110712495988057,0,5915,20,20,0,0,50,36.729768,127.440160,103.820824,227,27,0,39,0xc106de4c
1,31,23120008,2024110712495993068,1,1,9,101,1,1.5,0x1,0x1,128,0,0,2024110712495993068,0,5915,20,20,0,0,50,36.729768,127.440160,103.820144,228,28,0,39,0xcd1799d1
1,31,23120008,2024110712495998079,1,1,9,101,1,1.5,0x1,0x1,128,0,0,2024110712495998079,0,5915,20,20,0,0,50,36.729768,127.440160,103.819680,229,29,0,39,0x99ae2eb5
1,31,23120008,2024110712500003090,1,1,9,101,1,1.5,0x1,0x1,128,0,0,2024110712500003090,0,5915,20,20,0,0,50,36.729768,127.440160,103.820328,230,30,0,39,0x7e3cb3dc
1,31,23120008,2024110712500008103,1,1,9,101,1,1.5,0x1,0x1,128,0,0,2024110712500008103,0,5915,20,20,0,0,50,36.729768,127.440160,103.820256,231,31,0,39,0xdc6ee6dc
1,31,23120008,2024110712500013115,1,1,9,101,1,1.5,0x1,0x1,128,0,0,2024110712500013115,0,5915,20,20,0,0,50,36.729768,127.440160,103.818984,232,32,0,39,0xc6c59061
1,31,23120008,2024110712500018128,1,1,9,101,1,1.5,0x1,0x1,128,0,0,2024110712500018128,0,5915,20,20,0,0,50,36.729768,127.440160,103.819264,233,33,0,39,0xe1739aff
1,31,23120008,2024110712500023140,1,1,9,101,1,1.5,0x1,0x1,128,0,0,2024110712500023140,0,5915,20,20,0,0,50,36.729768,127.440160,103.818448,234,34,0,39,0x3f1b9856
1,31,23120008,2024110712500028154,1,1,9,101,1,1.5,0x1,0x1,128,0,0,2024110712500028154,0,5915,20,20,0,0,50,36.729768,127.440160,103.818464,235,35,0,39,0xf2765653
1,31,23120008,2024110712500033166,1,1,9,101,1,1.5,0x1,0x1,128,0,0,2024110712500033166,0,5915,20,20,0,0,50,36.729768,127.440160,103.819328,236,36,0,39,0x7e13afbb
1,31,23120008,2024110712500038177,1,1,9,101,1,1.5,0x1,0x1,128,0,0,2024110712500038177,0,5915,20,20,0,0,50,36.729768,127.440160,103.818600,237,37,0,39,0x8727b9f
1,31,23120008,2024110712500043188,1,1,9,101,1,1.5,0x1,0x1,128,0,0,2024110712500043188,0,5915,20,20,0,0,50,36.729768,127.440160,103.817824,238,38,0,39,0x1c8998be
1,31,23120008,2024110712500048200,1,1,9,101,1,1.5,0x1,0x1,128,0,0,2024110712500048200,0,5915,20,20,0,0,50,36.729768,127.440160,103.817696,239,39,0,39,0x712b955a
1,31,23120008,2024110712500053212,1,1,9,101,1,1.5,0x1,0x1,128,0,0,2024110712500053212,0,5915,20,20,0,0,50,36.729768,127.440160,103.818088,240,40,0,39,0xf8546589
1,31,23120008,2024110712500058223,1,1,9,101,1,1.5,0x1,0x1,128,0,0,2024110712500058223,0,5915,20,20,0,0,50,36.729768,127.440160,103.817896,241,41,0,39,0x514a3bbf
1,31,23120008,2024110712500063235,1,1,9,101,1,1.5,0x1,0x1,128,0,0,2024110712500063235,0,5915,20,20,0,0,50,36.729768,127.440160,103.818552,242,42,0,39,0xcb59b60f
1,31,23120008,2024110712500068247,1,1,9,101,1,1.5,0x1,0x1,128,0,0,2024110712500068247,0,5915,20,20,0,0,50,36.729768,127.440160,103.819072,243,43,0,39,0x4fe9ce3d
1,31,23120008,2024110712500073259,1,1,9,101,1,1.5,0x1,0x1,128,0,0,2024110712500073259,0,5915,20,20,0,0,50,36.729768,127.440160,103.818832,244,44,0,39,0x6c05b04e
1,31,23120008,2024110712500078270,1,1,9,101,1,1.5,0x1,0x1,128,0,0,2024110712500078270,0,5915,20,20,0,0,50,36.729768,127.440160,103.818680,245,45,0,39,0xe8f7527a
1,31,23120008,2024110712500083282,1,1,9,101,1,1.5,0x1,0x1,128,0,0,2024110712500083282,0,5915,20,20,0,0,50,36.729768,127.440160,103.819200,246,46,0,39,0xb9da9f1a
1,31,23120008,2024110712500088294,1,1,9,101,1,1.5,0x1,0x1,128,0,0,2024110712500088294,0,5915,20,20,0,0,50,36.729768,127.440160,103.819120,247,47,0,39,0x8f5fb268
1,31,23120008,2024110712500093306,1,1,9,101,1,1.5,0x1,0x1,128,0,0,2024110712500093306,0,5915,20,20,0,0,50,36.729768,127.440160,103.818144,248,48,0,39,0x364aeff
1,31,23120008,2024110712500098317,1,1,9,101,1,1.5,0x1,0x1,128,0,0,2024110712500098317,0,5915,20,20,0,0,50,36.729768,127.440160,103.817672,249,49,0,39,0x9237768f
1,31,23120008,2024110712500103329,1,1,9,101,1,1.5,0x1,0x1,128,0,0,2024110712500103329,0,5915,20,20,0,0,50,36.729768,127.440160,103.817992,250,50,0,39,0xd8dff753
1,31,23120008,2024110712500108340,1,1,9,101,1,1.5,0x1,0x1,128,0,0,2024110712500108340,0,5915,20,20,0,0,50,36.729768,127.440160,103.817560,251,51,0,39,0x9d6b8be8
1,31,23120008,2024110712500113352,1,1,9,101,1,1.5,0x1,0x1,128,0,0,2024110712500113352,0,5915,20,20,0,0,50,36.729768,127.440160,103.816832,252,52,0,39,0x7b2759aa
1,31,23120008,2024110712500118364,1,1,9,101,1,1.5,0x1,0x1,128,0,0,2024110712500118364,0,5915,20,20,0,0,50,36.729768,127.440160,103.816008,253,53,0,39,0x91d4e2ef
1,31,23120008,2024110712500123376,1,1,9,101,1,1.5,0x1,0x1,128,0,0,2024110712500123376,0,5915,20,20,0,0,50,36.729768,127.440160,103.816648,254,54,0,39,0x1f7536ba
1,31,23120008,2024110712500128388,1,1,9,101,1,1.5,0x1,0x1,128,0,0,2024110712500128388,0,5915,20,20,0,0,50,36.729768,127.440160,103.816288,255,55,0,39,0xee17a460
1,31,23120008,2024110712500133400,1,1,9,101,1,1.5,0x1,0x1,128,0,0,2024110712500133400,0,5915,20,20,0,0,50,36.729768,127.440160,103.816368,256,56,0,39,0xe82f54fb
1,31,23120008,2024110712500138411,1,1,9,101,1,1.5,0x1,0x1,128,0,0,2024110712500138411,0,5915,20,20,0,0,50,36.729768,127.440160,103.815008,257,57,0,39,0x80c89e97
1,31,23120008,2024110712500143424,1,1,9,101,1,1.5,0x1,0x1,128,0,0,2024110712500143424,0,5915,20,20,0,0,50,36.729768,127.440160,103.814952,258,58,0,39,0xaa57b299
1,31,23120008,2024110712500148435,1,1,9,101,1,1.5,0x1,0x1,128,0,0,2024110712500148435,0,5915,20,20,0,0,50,36.729768,127.440160,103.814040,259,59,0,39,0x3d81a397
1,31,23120008,2024110712500153447,1,1,9,101,1,1.5,0x1,0x1,128,0,0,2024110712500153447,0,5915,20,20,0,0,50,36.729768,127.440160,103.813280,260,60,0,39,0xae6f268b
1,31,23120008,2024110712500158459,1,1,9,101,1,1.5,0x1,0x1,128,0,0,2024110712500158459,0,5915,20,20,0,0,50,36.729768,127.440160,103.813424,261,61,0,40,0x431d7dc9
1,31,23120008,2024110712500163471,1,1,9,101,1,1.5,0x1,0x1,128,0,0,2024110712500163471,0,5915,20,20,0,0,50,36.729768,127.440160,103.813896,262,62,0,40,0xcfcd51e3
1,31,23120008,2024110712500168483,1,1,9,101,1,1.5,0x1,0x1,128,0,0,2024110712500168483,0,5915,20,20,0,0,50,36.729768,127.440160,103.812872,263,63,0,40,0xbd9edb7
1,31,23120008,2024110712500173495,1,1,9,101,1,1.5,0x1,0x1,128,0,0,2024110712500173495,0,5915,20,20,0,0,50,36.729768,127.440160,103.813280,264,64,0,40,0x6687a14d
1,31,23120008,2024110712500178506,1,1,9,101,1,1.5,0x1,0x1,128,0,0,2024110712500178506,0,5915,20,20,0,0,50,36.729768,127.440160,103.812416,265,65,0,40,0x4f956042
1,31,23120008,2024110712500183518,1,1,9,101,1,1.5,0x1,0x1,128,0,0,2024110712500183518,0,5915,20,20,0,0,50,36.729768,127.440160,103.812416,266,66,0,40,0x7f1eaf94
1,31,23120008,2024110712500188531,1,1,9,101,1,1.5,0x1,0x1,128,0,0,2024110712500188531,0,5915,20,20,0,0,50,36.729768,127.440160,103.811304,267,67,0,40,0x6100aaa7
1,31,23120008,2024110712500193543,1,1,9,101,1,1.5,0x1,0x1,128,0,0,2024110712500193543,0,5915,20,20,0,0,50,36.729768,127.440160,103.810704,268,68,0,40,0xf0e446bc
1,31,23120008,2024110712500198555,1,1,9,101,1,1.5,0x1,0x1,128,0,0,2024110712500198555,0,5915,20,20,0,0,50,36.729768,127.440160,103.810536,269,69,0,40,0x71198560
1,31,23120008,2024110712500203566,1,1,9,101,1,1.5,0x1,0x1,128,0,0,2024110712500203566,0,5915,20,20,0,0,50,36.729768,127.440160,103.810032,270,70,0,40,0xfd3dbb5f
1,31,23120008,2024110712500208578,1,1,9,101,1,1.5,0x1,0x1,128,0,0,2024110712500208578,0,5915,20,20,0,0,50,36.729768,127.440160,103.810024,271,71,0,40,0x183e38eb
1,31,23120008,2024110712500213590,1,1,9,101,1,1.5,0x1,0x1,128,0,0,2024110712500213590,0,5915,20,20,0,0,50,36.729768,127.440160,103.810392,272,72,0,40,0x3b405be9
1,31,23120008,2024110712500218602,1,1,9,101,1,1.5,0x1,0x1,128,0,0,2024110712500218602,0,5915,20,20,0,0,50,36.729768,127.440160,103.809312,273,73,0,40,0x1c4ca172
1,31,23120008,2024110712500223614,1,1,9,101,1,1.5,0x1,0x1,128,0,0,2024110712500223614,0,5915,20,20,0,0,50,36.729768,127.440160,103.809088,274,74,0,40,0x8fcca2f3
1,31,23120008,2024110712500228625,1,1,9,101,1,1.5,0x1,0x1,128,0,0,2024110712500228625,0,5915,20,20,0,0,50,36.729768,127.440160,103.808720,275,75,0,40,0x74c4da57
1,31,23120008,2024110712500233637,1,1,9,101,1,1.5,0x1,0x1,128,0,0,2024110712500233637,0,5915,20,20,0,0,50,36.729768,127.440160,103.808160,276,76,0,40,0xd450ddea
1,31,23120008,2024110712500238648,1,1,9,101,1,1.5,0x1,0x1,128,0,0,2024110712500238648,0,5915,20,20,0,0,50,36.729768,127.440160,103.807096,277,77,0,40,0xb60c77c9
1,31,23120008,2024110712500243660,1,1,9,101,1,1.5,0x1,0x1,128,0,0,2024110712500243660,0,5915,20,20,0,0,50,36.729768,127.440160,103.807064,278,78,0,40,0x1a69ffb3
1,31,23120008,2024110712500248672,1,1,9,101,1,1.5,0x1,0x1,128,0,0,2024110712500248672,0,5915,20,20,0,0,50,36.729768,127.440160,103.806336,279,79,0,40,0x3181cd33
1,31,23120008,2024110712500253684,1,1,9,101,1,1.5,0x1,0x1,128,0,0,2024110712500253684,0,5915,20,20,0,0,50,36.729768,127.440160,103.805328,280,80,0,40,0x5f9950f4
1,31,23120008,2024110712500258696,1,1,9,101,1,1.5,0x1,0x1,128,0,0,2024110712500258696,0,5915,20,20,0,0,50,36.729768,127.440160,103.806000,281,81,0,40,0xd4a28c43
1,31,23120008,2024110712500263709,1,1,9,101,1,1.5,0x1,0x1,128,0,0,2024110712500263709,0,5915,20,20,0,0,50,36.729768,127.440160,103.804096,282,82,0,40,0xe210e344
1,31,23120008,2024110712500268721,1,1,9,101,1,1.5,0x1,0x1,128,0,0,2024110712500268721,0,5915,20,20,0,0,50,36.729768,127.440160,103.802784,283,83,0,40,0x6beacc87
1,31,23120008,2024110712500273732,1,1,9,101,1,1.5,0x1,0x1,128,0,0,2024110712500273732,0,5915,20,20,0,0,50,36.729768,127.440160,103.802536,284,84,0,40,0x9760f745
1,31,23120008,2024110712500278745,1,1,9,101,1,1.5,0x1,0x1,128,0,0,2024110712500278745,0,5915,20,20,0,0,50,36.729768,127.440160,103.801888,285,85,0,40,0xf6a2b102
1,31,23120008,2024110712500283757,1,1,9,101,1,1.5,0x1,0x1,128,0,0,2024110712500283757,0,5915,20,20,0,0,50,36.729768,127.440160,103.800848,286,86,0,40,0x62598606
1,31,23120008,2024110712500288767,1,1,9,101,1,1.5,0x1,0x1,128,0,0,2024110712500288767,0,5915,20,20,0,0,50,36.729768,127.440160,103.799536,287,87,0,40,0x620ee6eb
1,31,23120008,2024110712500293779,1,1,9,101,1,1.5,0x1,0x1,128,0,0,2024110712500293779,0,5915,20,20,0,0,50,36.729768,127.440160,103.800216,288,88,0,40,0x8a30e2f6
1,31,23120008,2024110712500298791,1,1,9,101,1,1.5,0x1,0x1,128,0,0,2024110712500298791,0,5915,20,20,0,0,50,36.729768,127.440160,103.799656,289,89,0,40,0x582a10dc
1,31,23120008,2024110712500303802,1,1,9,101,1,1.5,0x1,0x1,128,0,0,2024110712500303802,0,5915,20,20,0,0,50,36.729768,127.440160,103.799808,290,90,0,40,0xc6579fc0
1,31,23120008,2024110712500308813,1,1,9,101,1,1.5,0x1,0x1,128,0,0,2024110712500308813,0,5915,20,20,0,0,50,36.729768,127.440160,103.800872,291,91,0,41,0x3ba5c6b8
1,31,23120008,2024110712500313826,1,1,9,101,1,1.5,0x1,0x1,128,0,0,2024110712500313826,0,5915,20,20,0,0,50,36.729768,127.440160,103.800632,292,92,0,41,0xf4b4935d
1,31,23120008,2024110712500318838,1,1,9,101,1,1.5,0x1,0x1,128,0,0,2024110712500318838,0,5915,20,20,0,0,50,36.729768,127.440160,103.801104,293,93,0,41,0xc5834e1b
1,31,23120008,2024110712500323849,1,1,9,101,1,1.5,0x1,0x1,128,0,0,2024110712500323849,0,5915,20,20,0,0,50,36.729768,127.440160,103.800456,294,94,0,41,0x9faa2e18
1,31,23120008,2024110712500328861,1,1,9,101,1,1.5,0x1,0x1,128,0,0,2024110712500328861,0,5915,20,20,0,0,50,36.729768,127.440160,103.800864,295,95,0,41,0x99469779
1,31,23120008,2024110712500333873,1,1,9,101,1,1.5,0x1,0x1,128,0,0,2024110712500333873,0,5915,20,20,0,0,50,36.729768,127.440160,103.800320,296,96,0,41,0xc8041872
1,31,23120008,2024110712500338884,1,1,9,101,1,1.5,0x1,0x1,128,0,0,2024110712500338884,0,5915,20,20,0,0,50,36.729768,127.440160,103.798992,297,97,0,41,0xda9e2a99
1,31,23120008,2024110712500343897,1,1,9,101,1,1.5,0x1,0x1,128,0,0,2024110712500343897,0,5915,20,20,0,0,50,36.729768,127.440160,103.798408,298,98,0,41,0xc27af807
1,31,23120008,2024110712500348908,1,1,9,101,1,1.5,0x1,0x1,128,0,0,2024110712500348908,0,5915,20,20,0,0,50,36.729768,127.440160,103.798888,299,99,0,41,0xbf243ebd
1,31,23120008,2024110712500353919,1,1,9,101,1,1.5,0x1,0x1,128,0,0,2024110712500353919,0,5915,20,20,0,0,50,36.729768,127.440160,103.798896,300,100,0,41,0xaa76fb0b
1,31,23120008,2024110712500358930,1,1,9,101,1,1.5,0x1,0x1,128,0,0,2024110712500358930,0,5915,20,20,0,0,50,36.729768,127.440160,103.799248,301,1,0,41,0xe332e4c6
1,31,23120008,2024110712500363943,1,1,9,101,1,1.5,0x1,0x1,128,0,0,2024110712500363943,0,5915,20,20,0,0,50,36.729768,127.440160,103.797440,302,2,0,41,0xfe704fbf
1,31,23120008,2024110712500368955,1,1,9,101,1,1.5,0x1,0x1,128,0,0,2024110712500368955,0,5915,20,20,0,0,50,36.729768,127.440160,103.797408,303,3,0,41,0x9a50a496
1,31,23120008,2024110712500373967,1,1,9,101,1,1.5,0x1,0x1,128,0,0,2024110712500373967,0,5915,20,20,0,0,50,36.729768,127.440160,103.796688,304,4,0,41,0xf58b654c
1,31,23120008,2024110712500378978,1,1,9,101,1,1.5,0x1,0x1,128,0,0,2024110712500378978,0,5915,20,20,0,0,50,36.729768,127.440160,103.797632,305,5,0,41,0x1f7c0b0e
1,31,23120008,2024110712500383988,1,1,9,101,1,1.5,0x1,0x1,128,0,0,2024110712500383988,0,5915,20,20,0,0,50,36.729768,127.440160,103.797888,306,6,0,41,0x129cc6
1,31,23120008,2024110712500388999,1,1,9,101,1,1.5,0x1,0x1,128,0,0,2024110712500388999,0,5915,20,20,0,0,50,36.729768,127.440160,103.797992,307,7,0,41,0xac85d263
1,31,23120008,2024110712500394009,1,1,9,101,1,1.5,0x1,0x1,128,0,0,2024110712500394009,0,5915,20,20,0,0,50,36.729768,127.440160,103.797488,308,8,0,41,0xa8f1e9f3
1,31,23120008,2024110712500399019,1,1,9,101,1,1.5,0x1,0x1,128,0,0,2024110712500399019,0,5915,20,20,0,0,50,36.729768,127.440160,103.798280,309,9,0,41,0x67e6dae
1,31,23120008,2024110712500404029,1,1,9,101,1,1.5,0x1,0x1,128,0,0,2024110712500404029,0,5915,20,20,0,0,50,36.729768,127.440160,103.797888,310,10,0,41,0xfd70fac6
1,31,23120008,2024110712500409039,1,1,9,101,1,1.5,0x1,0x1,128,0,0,2024110712500409039,0,5915,20,20,0,0,50,36.729768,127.440160,103.797672,311,11,0,41,0xd239a1d7
1,31,23120008,2024110712500414049,1,1,9,101,1,1.5,0x1,0x1,128,0,0,2024110712500414049,0,5915,20,20,0,0,50,36.729768,127.440160,103.796624,312,12,0,41,0xac851797
1,31,23120008,2024110712500419059,1,1,9,101,1,1.5,0x1,0x1,128,0,0,2024110712500419059,0,5915,20,20,0,0,50,36.729768,127.440160,103.796952,313,13,0,41,0x28e075ce
1,31,23120008,2024110712500424068,1,1,9,101,1,1.5,0x1,0x1,128,0,0,2024110712500424068,0,5915,20,20,0,0,50,36.729768,127.440160,103.796584,314,14,0,41,0x880e01e6
1,31,23120008,2024110712500429079,1,1,9,101,1,1.5,0x1,0x1,128,0,0,2024110712500429079,0,5915,20,20,0,0,50,36.729768,127.440160,103.795968,315,15,0,41,0x8a1705cb
1,31,23120008,2024110712500434088,1,1,9,101,1,1.5,0x1,0x1,128,0,0,2024110712500434088,0,5915,20,20,0,0,50,36.729768,127.440160,103.796856,316,16,0,41,0x384e3b7e
1,31,23120008,2024110712500439097,1,1,9,101,1,1.5,0x1,0x1,128,0,0,2024110712500439097,0,5915,20,20,0,0,50,36.729768,127.440160,103.795008,317,17,0,41,0x7599107f
1,31,23120008,2024110712500444106,1,1,9,101,1,1.5,0x1,0x1,128,0,0,2024110712500444106,0,5915,20,20,0,0,50,36.729768,127.440160,103.794248,318,18,0,41,0x76c9e460
1,31,23120008,2024110712500449115,1,1,9,101,1,1.5,0x1,0x1,128,0,0,2024110712500449115,0,5915,20,20,0,0,50,36.729768,127.440160,103.794648,319,19,0,41,0xf4d077aa
1,31,23120008,2024110712500454124,1,1,9,101,1,1.5,0x1,0x1,128,0,0,2024110712500454124,0,5915,20,20,0,0,50,36.729768,127.440160,103.793872,320,20,0,41,0xa662e57e
1,31,23120008,2024110712500459134,1,1,9,101,1,1.5,0x1,0x1,128,0,0,2024110712500459134,0,5915,20,20,0,0,50,36.729768,127.440160,103.792792,321,21,0,41,0xd0cecb45
1,31,23120008,2024110712500464144,1,1,9,101,1,1.5,0x1,0x1,128,0,0,2024110712500464144,0,5915,20,20,0,0,50,36.729768,127.440160,103.792888,322,22,0,41,0xe3194ca2
1,31,23120008,2024110712500469154,1,1,9,101,1,1.5,0x1,0x1,128,0,0,2024110712500469154,0,5915,20,20,0,0,50,36.729768,127.440160,103.793008,323,23,0,41,0x4d9b3135
1,31,23120008,2024110712500474164,1,1,9,101,1,1.5,0x1,0x1,128,0,0,2024110712500474164,0,5915,20,20,0,0,50,36.729768,127.440160,103.792408,324,24,0,41,0x9236aebc
1,31,23120008,2024110712500479173,1,1,9,101,1,1.5,0x1,0x1,128,0,0,2024110712500479173,0,5915,20,20,0,0,50,36.729768,127.440160,103.791992,325,25,0,41,0xeb97abd2
1,31,23120008,2024110712500484183,1,1,9,101,1,1.5,0x1,0x1,128,0,0,2024110712500484183,0,5915,20,20,0,0,50,36.729768,127.440160,103.792856,326,26,0,41,0x8ec4fc64
1,31,23120008,2024110712500489194,1,1,9,101,1,1.5,0x1,0x1,128,0,0,2024110712500489194,0,5915,20,20,0,0,50,36.729768,127.440160,103.791216,327,27,0,42,0xd136dd14
1,31,23120008,2024110712500494204,1,1,9,101,1,1.5,0x1,0x1,128,0,0,2024110712500494204,0,5915,20,20,0,0,50,36.729768,127.440160,103.790576,328,28,0,42,0x5058e2b7
1,31,23120008,2024110712500499217,1,1,9,101,1,1.5,0x1,0x1,128,0,0,2024110712500499217,0,5915,20,20,0,0,50,36.729768,127.440160,103.789816,329,29,0,42,0xe027831a
1,31,23120008,2024110712500504228,1,1,9,101,1,1.5,0x1,0x1,128,0,0,2024110712500504228,0,5915,20,20,0,0,50,36.729768,127.440160,103.789200,330,30,0,42,0xae235d35
1,31,23120008,2024110712500509240,1,1,9,101,1,1.5,0x1,0x1,128,0,0,2024110712500509240,0,5915,20,20,0,0,50,36.729768,127.440160,103.788008,331,31,0,42,0xe004fe56
1,31,23120008,2024110712500514252,1,1,9,101,1,1.5,0x1,0x1,128,0,0,2024110712500514252,0,5915,20,20,0,0,50,36.729768,127.440160,103.788704,332,32,0,42,0x56d4abea
1,31,23120008,2024110712500519264,1,1,9,101,1,1.5,0x1,0x1,128,0,0,2024110712500519264,0,5915,20,20,0,0,50,36.729768,127.440160,103.788136,333,33,0,42,0x9971f452
1,31,23120008,2024110712500524275,1,1,9,101,1,1.5,0x1,0x1,128,0,0,2024110712500524275,0,5915,20,20,0,0,50,36.729768,127.440160,103.787200,334,34,0,42,0x1fe6bb2e
1,31,23120008,2024110712500529287,1,1,9,101,1,1.5,0x1,0x1,128,0,0,2024110712500529287,0,5915,20,20,0,0,50,36.729768,127.440160,103.786248,335,35,0,42,0x52cbd048
1,31,23120008,2024110712500534298,1,1,9,101,1,1.5,0x1,0x1,128,0,0,2024110712500534298,0,5915,20,20,0,0,50,36.729768,127.440160,103.786584,336,36,0,42,0x42158215
1,31,23120008,2024110712500539310,1,1,9,101,1,1.5,0x1,0x1,128,0,0,2024110712500539310,0,5915,20,20,0,0,50,36.729768,127.440160,103.784816,337,37,0,42,0x6c5880e5
1,31,23120008,2024110712500544323,1,1,9,101,1,1.5,0x1,0x1,128,0,0,2024110712500544323,0,5915,20,20,0,0,50,36.729768,127.440160,103.784056,338,38,0,42,0x408228b
1,31,23120008,2024110712500549336,1,1,9,101,1,1.5,0x1,0x1,128,0,0,2024110712500549336,0,5915,20,20,0,0,50,36.729768,127.440160,103.782888,339,39,0,42,0x666aae32
1,31,23120008,2024110712500554347,1,1,9,101,1,1.5,0x1,0x1,128,0,0,2024110712500554347,0,5915,20,20,0,0,50,36.729768,127.440160,103.783408,340,40,0,42,0xa8cd70c6
1,31,23120008,2024110712500559359,1,1,9,101,1,1.5,0x1,0x1,128,0,0,2024110712500559359,0,5915,20,20,0,0,50,36.729768,127.440160,103.783328,341,41,0,42,0x31b5c790
1,31,23120008,2024110712500564371,1,1,9,101,1,1.5,0x1,0x1,128,0,0,2024110712500564371,0,5915,20,20,0,0,50,36.729768,127.440160,103.782056,342,42,0,42,0x9aefb216
1,31,23120008,2024110712500569383,1,1,9,101,1,1.5,0x1,0x1,128,0,0,2024110712500569383,0,5915,20,20,0,0,50,36.729768,127.440160,103.781368,343,43,0,42,0xa492167a
1,31,23120008,2024110712500574396,1,1,9,101,1,1.5,0x1,0x1,128,0,0,2024110712500574396,0,5915,20,20,0,0,50,36.729768,127.440160,103.780648,344,44,0,42,0x5fa7c3d
1,31,23120008,2024110712500579408,1,1,9,101,1,1.5,0x1,0x1,128,0,0,2024110712500579408,0,5915,20,20,0,0,50,36.729768,127.440160,103.779784,345,45,0,42,0xb646e2fb
1,31,23120008,2024110712500584442,1,1,9,101,1,1.5,0x1,0x1,128,0,0,2024110712500584442,0,5915,20,20,0,0,50,36.729768,127.440160,103.779400,346,46,0,42,0xdcb5c81a
1,31,23120008,2024110712500589454,1,1,9,101,1,1.5,0x1,0x1,128,0,0,2024110712500589454,0,5915,20,20,0,0,50,36.729768,127.440160,103.779288,347,47,0,42,0xf91f2369
1,31,23120008,2024110712500594487,1,1,9,101,1,1.5,0x1,0x1,128,0,0,2024110712500594487,0,5915,20,20,0,0,50,36.729768,127.440160,103.778544,348,48,0,42,0xad51599
1,31,23120008,2024110712500599500,1,1,9,101,1,1.5,0x1,0x1,128,0,0,2024110712500599500,0,5915,20,20,0,0,50,36.729768,127.440160,103.778128,349,49,0,42,0x5ba03f40
1,31,23120008,2024110712500604511,1,1,9,101,1,1.5,0x1,0x1,128,0,0,2024110712500604511,0,5915,20,20,0,0,50,36.729768,127.440160,103.778480,350,50,0,42,0xc557eed3
1,31,23120008,2024110712500609522,1,1,9,101,1,1.5,0x1,0x1,128,0,0,2024110712500609522,0,5915,20,20,0,0,50,36.729768,127.440160,103.778592,351,51,0,42,0xe2d778c
1,31,23120008,2024110712500614533,1,1,9,101,1,1.5,0x1,0x1,128,0,0,2024110712500614533,0,5915,20,20,0,0,50,36.729768,127.440160,103.778824,352,52,0,42,0x43c3991a
1,31,23120008,2024110712500619543,1,1,9,101,1,1.5,0x1,0x1,128,0,0,2024110712500619543,0,5915,20,20,0,0,50,36.729768,127.440160,103.779320,353,53,0,42,0x5d69ee0e
1,31,23120008,2024110712500624553,1,1,9,101,1,1.5,0x1,0x1,128,0,0,2024110712500624553,0,5915,20,20,0,0,50,36.729768,127.440160,103.778904,354,54,0,42,0x64f33c0
1,31,23120008,2024110712500629563,1,1,9,101,1,1.5,0x1,0x1,128,0,0,2024110712500629563,0,5915,20,20,0,0,50,36.729768,127.440160,103.778528,355,55,0,42,0x5e5ac5b3
1,31,23120008,2024110712500634574,1,1,9,101,1,1.5,0x1,0x1,128,0,0,2024110712500634574,0,5915,20,20,0,0,50,36.729768,127.440160,103.778912,356,56,0,42,0x5b080be2
1,31,23120008,2024110712500639584,1,1,9,101,1,1.5,0x1,0x1,128,0,0,2024110712500639584,0,5915,20,20,0,0,50,36.729768,127.440160,103.778064,357,57,0,42,0x9996437b
1,31,23120008,2024110712500644594,1,1,9,101,1,1.5,0x1,0x1,128,0,0,2024110712500644594,0,5915,20,20,0,0,50,36.729768,127.440160,103.777352,358,58,0,42,0xd16dd64
1,31,23120008,2024110712500649603,1,1,9,101,1,1.5,0x1,0x1,128,0,0,2024110712500649603,0,5915,20,20,0,0,50,36.729768,127.440160,103.777000,359,59,0,42,0x81e5a33b
1,31,23120008,2024110712500654615,1,1,9,101,1,1.5,0x1,0x1,128,0,0,2024110712500654615,0,5915,20,20,0,0,50,36.729768,127.440160,103.777096,360,60,0,42,0x8c9c79be
1,31,23120008,2024110712500659626,1,1,9,101,1,1.5,0x1,0x1,128,0,0,2024110712500659626,0,5915,20,20,0,0,50,36.729768,127.440160,103.776608,361,61,0,42,0x775b05cb
1,31,23120008,2024110712500664637,1,1,9,101,1,1.5,0x1,0x1,128,0,0,2024110712500664637,0,5915,20,20,0,0,50,36.729768,127.440160,103.775616,362,62,0,42,0xab2cfaa4
1,31,23120008,2024110712500669649,1,1,9,101,1,1.5,0x1,0x1,128,0,0,2024110712500669649,0,5915,20,20,0,0,50,36.729768,127.440160,103.775600,363,63,0,42,0xe77f729
1,31,23120008,2024110712500674660,1,1,9,101,1,1.5,0x1,0x1,128,0,0,2024110712500674660,0,5915,20,20,0,0,50,36.729768,127.440160,103.774816,364,64,0,42,0x3d1b1f0e
1,31,23120008,2024110712500679672,1,1,9,101,1,1.5,0x1,0x1,128,0,0,2024110712500679672,0,5915,20,20,0,0,50,36.729768,127.440160,103.774688,365,65,0,42,0x1c78f9ce
1,31,23120008,2024110712500684685,1,1,9,101,1,1.5,0x1,0x1,128,0,0,2024110712500684685,0,5915,20,20,0,0,50,36.729768,127.440160,103.775448,366,66,0,42,0x361d4fc5
1,31,23120008,2024110712500689698,1,1,9,101,1,1.5,0x1,0x1,128,0,0,2024110712500689698,0,5915,20,20,0,0,50,36.729768,127.440160,103.775560,367,67,0,42,0xb3bb8652
1,31,23120008,2024110712500694711,1,1,9,101,1,1.5,0x1,0x1,128,0,0,2024110712500694711,0,5915,20,20,0,0,50,36.729768,127.440160,103.774752,368,68,0,42,0xa27484b5
1,31,23120008,2024110712500699725,1,1,9,101,1,1.5,0x1,0x1,128,0,0,2024110712500699725,0,5915,20,20,0,0,50,36.729768,127.440160,103.774104,369,69,0,42,0xb502f1e
1,31,23120008,2024110712500704758,1,1,9,101,1,1.5,0x1,0x1,128,0,0,2024110712500704758,0,5915,20,20,0,0,50,36.729768,127.440160,103.774200,370,70,0,42,0x6f9f65e3
1,31,23120008,2024110712500709774,1,1,9,101,1,1.5,0x1,0x1,128,0,0,2024110712500709774,0,5915,20,20,0,0,50,36.729768,127.440160,103.773808,371,71,0,42,0x99b6847e
1,31,23120008,2024110712500714788,1,1,9,101,1,1.5,0x1,0x1,128,0,0,2024110712500714788,0,5915,20,20,0,0,50,36.729768,127.440160,103.773096,372,72,0,42,0x2113448b
1,31,23120008,2024110712500719803,1,1,9,101,1,1.5,0x1,0x1,128,0,0,2024110712500719803,0,5915,20,20,0,0,50,36.729768,127.440160,103.772408,373,73,0,42,0x945272f1
1,31,23120008,2024110712500724816,1,1,9,101,1,1.5,0x1,0x1,128,0,0,2024110712500724816,0,5915,20,20,0,0,50,36.729768,127.440160,103.772112,374,74,0,42,0xff28c3ee
1,31,23120008,2024110712500729830,1,1,9,101,1,1.5,0x1,0x1,128,0,0,2024110712500729830,0,5915,20,20,0,0,50,36.729768,127.440160,103.772224,375,75,0,42,0x603f48d8
1,31,23120008,2024110712500734842,1,1,9,101,1,1.5,0x1,0x1,128,0,0,2024110712500734842,0,5915,20,20,0,0,50,36.729768,127.440160,103.771992,376,76,0,42,0xef81e841
1,31,23120008,2024110712500739856,1,1,9,101,1,1.5,0x1,0x1,128,0,0,2024110712500739856,0,5915,20,20,0,0,50,36.729768,127.440160,103.770768,377,77,0,42,0x58a48e8e
1,31,23120008,2024110712500744869,1,1,9,101,1,1.5,0x1,0x1,128,0,0,2024110712500744869,0,5915,20,20,0,0,50,36.729768,127.440160,103.770064,378,78,0,42,0xd0425d7
1,31,23120008,2024110712500749882,1,1,9,101,1,1.5,0x1,0x1,128,0,0,2024110712500749882,0,5915,20,20,0,0,50,36.729768,127.440160,103.770208,379,79,0,42,0x3f1aff91
1,31,23120008,2024110712500754894,1,1,9,101,1,1.5,0x1,0x1,128,0,0,2024110712500754894,0,5915,20,20,0,0,50,36.729768,127.440160,103.769760,380,80,0,42,0xcf1ca295
1,31,23120008,2024110712500759909,1,1,9,101,1,1.5,0x1,0x1,128,0,0,2024110712500759909,0,5915,20,20,0,0,50,36.729768,127.440160,103.769744,381,81,0,42,0xd160ea86
1,31,23120008,2024110712500764923,1,1,9,101,1,1.5,0x1,0x1,128,0,0,2024110712500764923,0,5915,20,20,0,0,50,36.729768,127.440160,103.769000,382,82,0,42,0xa8be45e7
1,31,23120008,2024110712500769938,1,1,9,101,1,1.5,0x1,0x1,128,0,0,2024110712500769938,0,5915,20,20,0,0,50,36.729768,127.440160,103.769352,383,83,0,42,0xf8274eac
1,31,23120008,2024110712500774951,1,1,9,101,1,1.5,0x1,0x1,128,0,0,2024110712500774951,0,5915,20,20,0,0,50,36.729768,127.440160,103.769400,384,84,0,42,0x46c87b51
1,31,23120008,2024110712500779965,1,1,9,101,1,1.5,0x1,0x1,128,0,0,2024110712500779965,0,5915,20,20,0,0,50,36.729768,127.440160,103.769904,385,85,0,42,0x71791612
1,31,23120008,2024110712500784976,1,1,9,101,1,1.5,0x1,0x1,128,0,0,2024110712500784976,0,5915,20,20,0,0,50,36.729768,127.440160,103.770104,386,86,0,42,0x847e053
1,31,23120008,2024110712500789990,1,1,9,101,1,1.5,0x1,0x1,128,0,0,2024110712500789990,0,5915,20,20,0,0,50,36.729768,127.440160,103.769120,387,87,0,42,0x42d81659
1,31,23120008,2024110712500795002,1,1,9,101,1,1.5,0x1,0x1,128,0,0,2024110712500795002,0,5915,20,20,0,0,50,36.729768,127.440160,103.768768,388,88,0,42,0x6a750cb5
1,31,23120008,2024110712500800018,1,1,9,101,1,1.5,0x1,0x1,128,0,0,2024110712500800018,0,5915,20,20,0,0,50,36.729768,127.440160,103.769376,389,89,0,42,0x1ad0a644
1,31,23120008,2024110712500805031,1,1,9,101,1,1.5,0x1,0x1,128,0,0,2024110712500805031,0,5915,20,20,0,0,50,36.729768,127.440160,103.769416,390,90,0,43,0x27bb1327
1,31,23120008,2024110712500810043,1,1,9,101,1,1.5,0x1,0x1,128,0,0,2024110712500810043,0,5915,20,20,0,0,50,36.729768,127.440160,103.768952,391,91,0,43,0x1c2f3061
1,31,23120008,2024110712500815059,1,1,9,101,1,1.5,0x1,0x1,128,0,0,2024110712500815059,0,5915,20,20,0,0,50,36.729768,127.440160,103.769616,392,92,0,43,0x738b6b0
1,31,23120008,2024110712500820073,1,1,9,101,1,1.5,0x1,0x1,128,0,0,2024110712500820073,0,5915,20,20,0,0,50,36.729768,127.440160,103.769848,393,93,0,43,0x51f9842a
1,31,23120008,2024110712500825084,1,1,9,101,1,1.5,0x1,0x1,128,0,0,2024110712500825084,0,5915,20,20,0,0,50,36.729768,127.440160,103.769048,394,94,0,43,0x47d4c80b
1,31,23120008,2024110712500830098,1,1,9,101,1,1.5,0x1,0x1,128,0,0,2024110712500830098,0,5915,20,20,0,0,50,36.729768,127.440160,103.769056,395,95,0,43,0x4fa4d1ec
1,31,23120008,2024110712500835109,1,1,9,101,1,1.5,0x1,0x1,128,0,0,2024110712500835109,0,5915,20,20,0,0,50,36.729768,127.440160,103.768840,396,96,0,43,0x13b77cdd
1,31,23120008,2024110712500840122,1,1,9,101,1,1.5,0x1,0x1,128,0,0,2024110712500840122,0,5915,20,20,0,0,50,36.729768,127.440160,103.769008,397,97,0,43,0x863e7474
1,31,23120008,2024110712500845137,1,1,9,101,1,1.5,0x1,0x1,128,0,0,2024110712500845137,0,5915,20,20,0,0,50,36.729768,127.440160,103.768432,398,98,0,43,0x8daf0a0
1,31,23120008,2024110712500850149,1,1,9,101,1,1.5,0x1,0x1,128,0,0,2024110712500850149,0,5915,20,20,0,0,50,36.729768,127.440160,103.768256,399,99,0,43,0xbb452b58
1,31,23120008,2024110712500855161,1,1,9,101,1,1.5,0x1,0x1,128,0,0,2024110712500855161,0,5915,20,20,0,0,50,36.729768,127.440160,103.768616,400,100,0,43,0x6335f584
1,31,23120008,2024110712500860177,1,1,9,101,1,1.5,0x1,0x1,128,0,0,2024110712500860177,0,5915,20,20,0,0,50,36.729768,127.440160,103.769176,401,1,0,43,0x42f45be6
1,31,23120008,2024110712500865192,1,1,9,101,1,1.5,0x1,0x1,128,0,0,2024110712500865192,0,5915,20,20,0,0,50,36.729768,127.440160,103.767720,402,2,0,43,0xa6e14798
1,31,23120008,2024110712500870207,1,1,9,101,1,1.5,0x1,0x1,128,0,0,2024110712500870207,0,5915,20,20,0,0,50,36.729768,127.440160,103.767736,403,3,0,43,0xb0efe907
1,31,23120008,2024110712500875220,1,1,9,101,1,1.5,0x1,0x1,128,0,0,2024110712500875220,0,5915,20,20,0,0,50,36.729768,127.440160,103.767152,404,4,0,43,0xcede0f95
1,31,23120008,2024110712500880235,1,1,9,101,1,1.5,0x1,0x1,128,0,0,2024110712500880235,0,5915,20,20,0,0,50,36.729768,127.440160,103.767272,405,5,0,43,0xc42627fe
1,31,23120008,2024110712500885248,1,1,9,101,1,1.5,0x1,0x1,128,0,0,2024110712500885248,0,5915,20,20,0,0,50,36.729768,127.440160,103.767864,406,6,0,43,0x1c9a3508
1,31,23120008,2024110712500890261,1,1,9,101,1,1.5,0x1,0x1,128,0,0,2024110712500890261,0,5915,20,20,0,0,50,36.729768,127.440160,103.768264,407,7,0,43,0x981af03
1,31,23120008,2024110712500895294,1,1,9,101,1,1.5,0x1,0x1,128,0,0,2024110712500895294,0,5915,20,20,0,0,50,36.729768,127.440160,103.767888,408,8,0,43,0x5bdfbf84
1,31,23120008,2024110712500900308,1,1,9,101,1,1.5,0x1,0x1,128,0,0,2024110712500900308,0,5915,20,20,0,0,50,36.729768,127.440160,103.767776,409,9,0,43,0x54e100bf
1,31,23120008,2024110712500905341,1,1,9,101,1,1.5,0x1,0x1,128,0,0,2024110712500905341,0,5915,20,20,0,0,50,36.729768,127.440160,103.768360,410,10,0,43,0x7c4191e5
1,31,23120008,2024110712500910355,1,1,9,101,1,1.5,0x1,0x1,128,0,0,2024110712500910355,0,5915,20,20,0,0,50,36.729768,127.440160,103.768144,411,11,0,43,0x91ec3055
1,31,23120008,2024110712500915369,1,1,9,101,1,1.5,0x1,0x1,128,0,0,2024110712500915369,0,5915,20,20,0,0,50,36.729768,127.440160,103.767904,412,12,0,43,0x7e01bac6
1,31,23120008,2024110712500920384,1,1,9,101,1,1.5,0x1,0x1,128,0,0,2024110712500920384,0,5915,20,20,0,0,50,36.729768,127.440160,103.767264,413,13,0,43,0x7b038135
1,31,23120008,2024110712500925397,1,1,9,101,1,1.5,0x1,0x1,128,0,0,2024110712500925397,0,5915,20,20,0,0,50,36.729768,127.440160,103.766760,414,14,0,43,0x5641ad60
1,31,23120008,2024110712500930407,1,1,9,101,1,1.5,0x1,0x1,128,0,0,2024110712500930407,0,5915,20,20,0,0,50,36.729768,127.440160,103.767840,415,15,0,43,0x49caa9f2
1,31,23120008,2024110712500935418,1,1,9,101,1,1.5,0x1,0x1,128,0,0,2024110712500935418,0,5915,20,20,0,0,50,36.729768,127.440160,103.767496,416,16,0,43,0x4355ad8d
1,31,23120008,2024110712500940429,1,1,9,101,1,1.5,0x1,0x1,128,0,0,2024110712500940429,0,5915,20,20,0,0,50,36.729768,127.440160,103.766528,417,17,0,43,0x829f8804
1,31,23120008,2024110712500945439,1,1,9,101,1,1.5,0x1,0x1,128,0,0,2024110712500945439,0,5915,20,20,0,0,50,36.729768,127.440160,103.766360,418,18,0,43,0x6043b4ba
1,31,23120008,2024110712500950466,1,1,9,101,1,1.5,0x1,0x1,128,0,0,2024110712500950466,0,5915,20,20,0,0,50,36.729768,127.440160,103.765960,419,19,0,43,0xaf080dae
1,31,23120008,2024110712500955479,1,1,9,101,1,1.5,0x1,0x1,128,0,0,2024110712500955479,0,5915,20,20,0,0,50,36.729768,127.440160,103.765160,420,20,0,43,0x63113e1a
1,31,23120008,2024110712500960491,1,1,9,101,1,1.5,0x1,0x1,128,0,0,2024110712500960491,0,5915,20,20,0,0,50,36.729768,127.440160,103.765904,421,21,0,43,0x230217a1
1,31,23120008,2024110712500965505,1,1,9,101,1,1.5,0x1,0x1,128,0,0,2024110712500965505,0,5915,20,20,0,0,50,36.729768,127.440160,103.764288,422,22,0,43,0x89d392b
1,31,23120008,2024110712500970518,1,1,9,101,1,1.5,0x1,0x1,128,0,0,2024110712500970518,0,5915,20,20,0,0,50,36.729768,127.440160,103.763528,423,23,0,43,0x2c4d2783
1,31,23120008,2024110712500975533,1,1,9,101,1,1.5,0x1,0x1,128,0,0,2024110712500975533,0,5915,20,20,0,0,50,36.729768,127.440160,103.763112,424,24,0,43,0x1bb4fac6
1,31,23120008,2024110712500980544,1,1,9,101,1,1.5,0x1,0x1,128,0,0,2024110712500980544,0,5915,20,20,0,0,50,36.729768,127.440160,103.763448,425,25,0,43,0xac5623bd
1,31,23120008,2024110712500985556,1,1,9,101,1,1.5,0x1,0x1,128,0,0,2024110712500985556,0,5915,20,20,0,0,50,36.729768,127.440160,103.763080,426,26,0,43,0xe48658d2
1,31,23120008,2024110712500990568,1,1,9,101,1,1.5,0x1,0x1,128,0,0,2024110712500990568,0,5915,20,20,0,0,50,36.729768,127.440160,103.762024,427,27,0,43,0xe17f7c0b
1,31,23120008,2024110712500995601,1,1,9,101,1,1.5,0x1,0x1,128,0,0,2024110712500995601,0,5915,20,20,0,0,50,36.729768,127.440160,103.762432,428,28,0,43,0x9161869a
1,31,23120008,2024110712501000614,1,1,9,101,1,1.5,0x1,0x1,128,0,0,2024110712501000614,0,5915,20,20,0,0,50,36.729768,127.440160,103.761952,429,29,0,43,0xb68b73ef
1,31,23120008,2024110712501005646,1,1,9,101,1,1.5,0x1,0x1,128,0,0,2024110712501005646,0,5915,20,20,0,0,50,36.729768,127.440160,103.761648,430,30,0,43,0xd68c7986
1,31,23120008,2024110712501010658,1,1,9,101,1,1.5,0x1,0x1,128,0,0,2024110712501010658,0,5915,20,20,0,0,50,36.729768,127.440160,103.762304,431,31,0,43,0x1cd519f1
1,31,23120008,2024110712501015674,1,1,9,101,1,1.5,0x1,0x1,128,0,0,2024110712501015674,0,5915,20,20,0,0,50,36.729768,127.440160,103.762928,432,32,0,43,0xf2d69ba5
1,31,23120008,2024110712501020686,1,1,9,101,1,1.5,0x1,0x1,128,0,0,2024110712501020686,0,5915,20,20,0,0,50,36.729768,127.440160,103.762128,433,33,0,43,0xf2a880d6
1,31,23120008,2024110712501025699,1,1,9,101,1,1.5,0x1,0x1,128,0,0,2024110712501025699,0,5915,20,20,0,0,50,36.729768,127.440160,103.761624,434,34,0,43,0xfe378e63
1,31,23120008,2024110712501030711,1,1,9,101,1,1.5,0x1,0x1,128,0,0,2024110712501030711,0,5915,20,20,0,0,50,36.729768,127.440160,103.762176,435,35,0,43,0xbf63ed94
1,31,23120008,2024110712501035722,1,1,9,101,1,1.5,0x1,0x1,128,0,0,2024110712501035722,0,5915,20,20,0,0,50,36.729768,127.440160,103.761760,436,36,0,43,0xfcdaa638
1,31,23120008,2024110712501040734,1,1,9,101,1,1.5,0x1,0x1,128,0,0,2024110712501040734,0,5915,20,20,0,0,50,36.729768,127.440160,103.760296,437,37,0,43,0xa229539b
1,31,23120008,2024110712501045746,1,1,9,101,1,1.5,0x1,0x1,128,0,0,2024110712501045746,0,5915,20,20,0,0,50,36.729768,127.440160,103.760232,438,38,0,43,0x8f65767f
1,31,23120008,2024110712501050758,1,1,9,101,1,1.5,0x1,0x1,128,0,0,2024110712501050758,0,5915,20,20,0,0,50,36.729768,127.440160,103.759472,439,39,0,43,0x682409bc
1,31,23120008,2024110712501055771,1,1,9,101,1,1.5,0x1,0x1,128,0,0,2024110712501055771,0,5915,20,20,0,0,50,36.729768,127.440160,103.759200,440,40,0,43,0x5ab66bbf
1,31,23120008,2024110712501060781,1,1,9,101,1,1.5,0x1,0x1,128,0,0,2024110712501060781,0,5915,20,20,0,0,50,36.729768,127.440160,103.760096,441,41,0,43,0x820b9f77
1,31,23120008,2024110712501065796,1,1,9,101,1,1.5,0x1,0x1,128,0,0,2024110712501065796,0,5915,20,20,0,0,50,36.729768,127.440160,103.758632,442,42,0,43,0x254f8539
1,31,23120008,2024110712501070809,1,1,9,101,1,1.5,0x1,0x1,128,0,0,2024110712501070809,0,5915,20,20,0,0,50,36.729768,127.440160,103.758352,443,43,0,43,0x8755d19d
1,31,23120008,2024110712501075823,1,1,9,101,1,1.5,0x1,0x1,128,0,0,2024110712501075823,0,5915,20,20,0,0,50,36.729768,127.440160,103.757816,444,44,0,43,0x33e11daf
1,31,23120008,2024110712501080834,1,1,9,101,1,1.5,0x1,0x1,128,0,0,2024110712501080834,0,5915,20,20,0,0,50,36.729768,127.440160,103.758688,445,45,0,43,0x973409d
1,31,23120008,2024110712501085867,1,1,9,101,1,1.5,0x1,0x1,128,0,0,2024110712501085867,0,5915,20,20,0,0,50,36.729768,127.440160,103.759000,446,46,0,43,0xdc18a9b9
1,31,23120008,2024110712501090879,1,1,9,101,1,1.5,0x1,0x1,128,0,0,2024110712501090879,0,5915,20,20,0,0,50,36.729768,127.440160,103.759336,447,47,0,43,0xc30222f8
1,31,23120008,2024110712501095913,1,1,9,101,1,1.5,0x1,0x1,128,0,0,2024110712501095913,0,5915,20,20,0,0,50,36.729768,127.440160,103.759696,448,48,0,43,0xeda4c840
1,31,23120008,2024110712501100926,1,1,9,101,1,1.5,0x1,0x1,128,0,0,2024110712501100926,0,5915,20,20,0,0,50,36.729768,127.440160,103.759424,449,49,0,43,0x3b1e2ec8
1,31,23120008,2024110712501105957,1,1,9,101,1,1.5,0x1,0x1,128,0,0,2024110712501105957,0,5915,20,20,0,0,50,36.729768,127.440160,103.759568,450,50,0,43,0x16a9f6e8
1,31,23120008,2024110712501110971,1,1,9,101,1,1.5,0x1,0x1,128,0,0,2024110712501110971,0,5915,20,20,0,0,50,36.729768,127.440160,103.760344,451,51,0,43,0x98462531
1,31,23120008,2024110712501115985,1,1,9,101,1,1.5,0x1,0x1,128,0,0,2024110712501115985,0,5915,20,20,0,0,50,36.729768,127.440160,103.759112,452,52,0,43,0x2ee4ebc0
1,31,23120008,2024110712501120997,1,1,9,101,1,1.5,0x1,0x1,128,0,0,2024110712501120997,0,5915,20,20,0,0,50,36.729768,127.440160,103.758584,453,53,0,43,0x89fca2c3
1,31,23120008,2024110712501126028,1,1,9,101,1,1.5,0x1,0x1,128,0,0,2024110712501126028,0,5915,20,20,0,0,50,36.729768,127.440160,103.757936,454,54,0,43,0xf5db91a8
1,31,23120008,2024110712501131040,1,1,9,101,1,1.5,0x1,0x1,128,0,0,2024110712501131040,0,5915,20,20,0,0,50,36.729768,127.440160,103.758272,455,55,0,43,0x9b735daf
1,31,23120008,2024110712501136054,1,1,9,101,1,1.5,0x1,0x1,128,0,0,2024110712501136054,0,5915,20,20,0,0,50,36.729768,127.440160,103.758248,456,56,0,43,0xd15bc9f8
1,31,23120008,2024110712501141065,1,1,9,101,1,1.5,0x1,0x1,128,0,0,2024110712501141065,0,5915,20,20,0,0,50,36.729768,127.440160,103.757328,457,57,0,43,0xe48e3ce2
1,31,23120008,2024110712501146096,1,1,9,101,1,1.5,0x1,0x1,128,0,0,2024110712501146096,0,5915,20,20,0,0,50,36.729768,127.440160,103.757504,458,58,0,43,0x566f30c9
1,31,23120008,2024110712501151108,1,1,9,101,1,1.5,0x1,0x1,128,0,0,2024110712501151108,0,5915,20,20,0,0,50,36.729768,127.440160,103.756904,459,59,0,43,0x701ea565
1,31,23120008,2024110712501156140,1,1,9,101,1,1.5,0x1,0x1,128,0,0,2024110712501156140,0,5915,20,20,0,0,50,36.729768,127.440160,103.756712,460,60,0,43,0xd22f84d2
1,31,23120008,2024110712501161153,1,1,9,101,1,1.5,0x1,0x1,128,0,0,2024110712501161153,0,5915,20,20,0,0,50,36.729768,127.440160,103.756056,461,61,0,43,0xd2fb96f9
1,31,23120008,2024110712501166167,1,1,9,101,1,1.5,0x1,0x1,128,0,0,2024110712501166167,0,5915,20,20,0,0,50,36.729768,127.440160,103.755640,462,62,0,43,0x14068430
1,31,23120008,2024110712501171181,1,1,9,101,1,1.5,0x1,0x1,128,0,0,2024110712501171181,0,5915,20,20,0,0,50,36.729768,127.440160,103.755320,463,63,0,42,0x6468346a
1,31,23120008,2024110712501176195,1,1,9,101,1,1.5,0x1,0x1,128,0,0,2024110712501176195,0,5915,20,20,0,0,50,36.729768,127.440160,103.754824,464,64,0,42,0xd7cdbea5
1,31,23120008,2024110712501181207,1,1,9,101,1,1.5,0x1,0x1,128,0,0,2024110712501181207,0,5915,20,20,0,0,50,36.729768,127.440160,103.755168,465,65,0,42,0xde3b085f
1,31,23120008,2024110712501186222,1,1,9,101,1,1.5,0x1,0x1,128,0,0,2024110712501186222,0,5915,20,20,0,0,50,36.729768,127.440160,103.754888,466,66,0,42,0xbff0076f
1,31,23120008,2024110712501191234,1,1,9,101,1,1.5,0x1,0x1,128,0,0,2024110712501191234,0,5915,20,20,0,0,50,36.729768,127.440160,103.753008,467,67,0,42,0x5f159a7b
1,31,23120008,2024110712501196265,1,1,9,101,1,1.5,0x1,0x1,128,0,0,2024110712501196265,0,5915,20,20,0,0,50,36.729768,127.440160,103.752008,468,68,0,42,0xef2b7113
1,31,23120008,2024110712501201278,1,1,9,101,1,1.5,0x1,0x1,128,0,0,2024110712501201278,0,5915,20,20,0,0,50,36.729768,127.440160,103.751904,469,69,0,42,0x3a0eca19
1,31,23120008,2024110712501206305,1,1,9,101,1,1.5,0x1,0x1,128,0,0,2024110712501206305,0,5915,20,20,0,0,50,36.729768,127.440160,103.751400,470,70,0,42,0x85029d8c
1,31,23120008,2024110712501211317,1,1,9,101,1,1.5,0x1,0x1,128,0,0,2024110712501211317,0,5915,20,20,0,0,50,36.729768,127.440160,103.751928,471,71,0,42,0xaa07ffc5
1,31,23120008,2024110712501216328,1,1,9,101,1,1.5,0x1,0x1,128,0,0,2024110712501216328,0,5915,20,20,0,0,50,36.729768,127.440160,103.751368,472,72,0,42,0x4f876015
1,31,23120008,2024110712501221342,1,1,9,101,1,1.5,0x1,0x1,128,0,0,2024110712501221342,0,5915,20,20,0,0,50,36.729768,127.440160,103.750256,473,73,0,42,0x1a1487cd
1,31,23120008,2024110712501226352,1,1,9,101,1,1.5,0x1,0x1,128,0,0,2024110712501226352,0,5915,20,20,0,0,50,36.729768,127.440160,103.750808,474,74,0,42,0x29efea8a
1,31,23120008,2024110712501231366,1,1,9,101,1,1.5,0x1,0x1,128,0,0,2024110712501231366,0,5915,20,20,0,0,50,36.729768,127.440160,103.750048,475,75,0,42,0xc37f0bc3
1,31,23120008,2024110712501236376,1,1,9,101,1,1.5,0x1,0x1,128,0,0,2024110712501236376,0,5915,20,20,0,0,50,36.729768,127.440160,103.749240,476,76,0,42,0x6a4ab8d7
1,31,23120008,2024110712501241388,1,1,9,101,1,1.5,0x1,0x1,128,0,0,2024110712501241388,0,5915,20,20,0,0,50,36.729768,127.440160,103.747816,477,77,0,42,0xc5accc32
1,31,23120008,2024110712501246414,1,1,9,101,1,1.5,0x1,0x1,128,0,0,2024110712501246414,0,5915,20,20,0,0,50,36.729768,127.440160,103.747672,478,78,0,42,0x139f0b3f
1,31,23120008,2024110712501251429,1,1,9,101,1,1.5,0x1,0x1,128,0,0,2024110712501251429,0,5915,20,20,0,0,50,36.729768,127.440160,103.746656,479,79,0,42,0x63b3bef3
1,31,23120008,2024110712501256458,1,1,9,101,1,1.5,0x1,0x1,128,0,0,2024110712501256458,0,5915,20,20,0,0,50,36.729768,127.440160,103.746128,480,80,0,42,0x92de46d9
1,31,23120008,2024110712501261469,1,1,9,101,1,1.5,0x1,0x1,128,0,0,2024110712501261469,0,5915,20,20,0,0,50,36.729768,127.440160,103.745840,481,81,0,42,0xd3d2e61c
1,31,23120008,2024110712501266480,1,1,9,101,1,1.5,0x1,0x1,128,0,0,2024110712501266480,0,5915,20,20,0,0,50,36.729768,127.440160,103.744664,482,82,0,42,0xb72fbd2b
1,31,23120008,2024110712501271491,1,1,9,101,1,1.5,0x1,0x1,128,0,0,2024110712501271491,0,5915,20,20,0,0,50,36.729768,127.440160,103.744088,483,83,0,42,0xc275599d
